Client_ID,Industry,Contract_Length,Renewal_Status,Monthly_Marketing_Spend,Campaign_Count,Leads,Conversions,Conversion_Rate,Website_Visits,Social_Engagement,Campaign_Performance,Ad_Spend,ROAS,Client_Feedback_Score,Complaint_Count,Avg_Response_Time,Monthly_Revenue,Client_Lifetime_Value,Performance_Change_3M,Churn
CL10001,Travel,24,Renewed,83614.3,10,688,67,9.74,27605,9579,62.03,48968.91,2.59,7.62,5,17.38,245816.93,3433287.23,-7.83,0
CL10002,Education,18,Renewed,77630.14,4,3238,561,17.33,1377,9925,92.67,37122.89,3.72,5.9,8,34.92,276404.4,6879832.11,14.85,1
CL10003,Technology,12,Renewed,59485.25,20,9195,1323,14.39,48853,3026,95.0,40569.86,3.29,8.78,1,4.76,116244.05,2368732.07,16.8,0
CL10004,Travel,24,Renewed,95824.48,6,6763,1185,17.52,18752,7382,90.81,70706.76,3.12,7.1,1,9.61,380917.39,7737014.51,17.72,0
CL10005,Finance,24,Renewed,24045.08,11,4186,589,14.07,31834,15735,88.56,11726.69,3.87,6.85,6,28.7,74218.52,865145.74,18.93,0
CL10006,Retail,12,Renewed,15380.1,18,8631,451,5.23,19549,15947,64.08,10820.01,2.73,8.11,1,27.32,60469.24,857778.32,1.21,0
CL10007,Technology,36,Renewed,86126.39,16,4370,153,3.5,18272,9590,56.26,48622.35,2.11,8.43,1,35.73,224601.09,4372837.21,-15.12,0
CL10008,Technology,24,Renewed,46719.23,9,6119,701,11.46,3137,7086,83.23,35305.61,2.75,7.67,3,39.19,133185.99,1877654.76,19.98,0
CL10009,Travel,36,Renewed,85462.04,16,656,53,8.08,7742,6962,60.8,56904.59,2.56,6.78,8,7.04,294538.14,3718903.78,-5.26,0
CL10010,Healthcare,24,Pending,89843.57,15,8122,550,6.77,42525,12259,54.13,45066.86,1.56,7.36,7,1.86,313560.76,3113856.9,-15.03,1
CL10011,Finance,18,Pending,10933.47,8,5552,833,15.0,41881,4523,75.2,7222.74,2.65,6.95,1,33.41,25743.09,294139.83,3.44,1
CL10012,Travel,12,Pending,88929.15,13,3667,300,8.18,36151,10550,75.98,54095.13,2.85,7.78,7,15.17,338344.82,8429891.9,15.8,0
CL10013,Finance,36,Not Renewed,47590.31,18,3999,296,7.4,34472,8259,70.41,24848.92,2.71,7.76,3,30.42,173805.72,4138860.29,5.31,0
CL10014,Finance,24,Renewed,53491.09,18,6577,1031,15.68,17428,2173,93.14,42076.43,2.83,7.35,1,8.08,103498.99,932354.2,21.92,0
CL10015,Retail,6,Renewed,64526.29,11,7600,1187,15.62,29242,17185,95.0,29321.48,3.15,6.16,10,23.04,134446.71,1676852.96,11.64,0
CL10016,Technology,6,Renewed,93006.35,20,1116,90,8.06,12331,10211,64.01,53464.82,3.04,6.38,9,24.71,268371.38,5455994.89,0.36,1
CL10017,Education,12,Pending,6816.03,15,6570,1012,15.4,48732,6925,95.0,3101.55,3.65,6.34,6,28.5,18960.6,286263.59,28.98,0
CL10018,Retail,24,Not Renewed,50300.13,12,2162,339,15.68,20056,10752,85.63,24566.72,3.14,7.13,5,25.12,166479.42,4347025.92,0.02,0
CL10019,Retail,36,Renewed,70333.59,3,9130,828,9.07,25843,12554,64.89,40008.45,2.62,5.73,9,24.3,142819.63,3609018.45,-3.19,1
CL10020,Finance,12,Not Renewed,73657.16,19,9929,351,3.54,23334,8068,61.07,34744.71,2.5,6.73,4,16.64,233649.59,6452180.22,2.23,0
CL10021,Real Estate,18,Renewed,70790.58,8,4421,112,2.53,47262,12616,55.79,48750.09,2.52,6.15,10,4.35,224161.2,4569411.09,-5.18,0
CL10022,Technology,12,Not Renewed,17771.34,13,3596,382,10.62,39788,14390,74.63,8614.57,2.89,8.76,0,5.21,41083.56,646888.69,-1.41,0
CL10023,Healthcare,36,Renewed,33442.58,3,1913,150,7.84,33922,7876,69.92,24436.01,2.87,8.56,1,21.39,101053.4,2155814.96,6.63,0
CL10024,Retail,24,Renewed,39077.97,19,6356,1141,17.95,23705,8658,95.0,18407.95,3.49,6.86,7,17.72,89269.69,889216.0,11.66,0
CL10025,Education,24,Renewed,81421.53,7,9743,1410,14.47,19330,8819,82.23,38571.3,2.6,8.68,0,25.26,173181.09,1421971.29,5.12,0
CL10026,Real Estate,12,Renewed,31482.19,11,2413,345,14.3,8912,4986,81.69,18011.92,2.91,8.33,2,15.33,95914.14,803382.35,5.58,0
CL10027,Real Estate,12,Renewed,25016.97,16,9806,1697,17.31,4166,4719,95.0,20229.44,3.38,7.18,1,33.33,98938.44,1678584.1,33.35,0
CL10028,Healthcare,12,Renewed,95957.56,6,1331,216,16.23,37545,14056,78.18,67799.51,2.6,7.23,4,41.61,227822.38,2965725.01,-4.13,0
CL10029,Retail,6,Pending,5842.01,4,9937,739,7.44,21286,10445,57.48,4428.55,2.24,8.13,3,15.05,15397.9,176481.95,-18.03,0
CL10030,Education,24,Renewed,99792.98,6,5931,301,5.08,6015,6975,57.23,50557.2,2.4,8.19,6,10.07,236056.2,5083983.06,-3.17,0
CL10031,Technology,24,Renewed,69298.02,9,3099,436,14.07,42473,10200,87.14,54305.41,3.08,7.98,4,6.46,170159.78,5086431.62,16.34,0
CL10032,E-commerce,36,Renewed,83704.58,9,3540,296,8.36,27127,7956,84.05,37939.81,3.14,5.83,7,29.96,222831.48,2654050.05,9.58,0
CL10033,Education,36,Pending,32988.84,9,4156,409,9.84,15698,5501,71.63,17656.38,2.49,7.29,3,21.86,109117.26,2184666.27,4.75,1
CL10034,Healthcare,18,Renewed,6359.95,13,405,50,12.35,4485,3122,68.01,4429.3,3.05,6.44,5,9.84,15000.0,159510.08,-6.41,0
CL10035,Real Estate,24,Renewed,75097.6,9,1789,296,16.55,46403,11775,83.99,45065.96,3.0,7.63,3,31.7,289875.64,8276877.62,14.03,0
CL10036,Technology,36,Renewed,84243.74,12,9809,882,8.99,41435,11012,76.29,71074.54,2.95,9.29,1,7.98,169170.45,2439203.37,9.58,0
CL10037,Education,24,Renewed,75345.23,15,4017,588,14.64,29975,5838,80.06,34819.72,2.85,6.81,0,27.05,276228.09,7547511.6,20.26,0
CL10038,E-commerce,12,Pending,18570.78,9,7180,478,6.66,40716,15226,55.66,15774.75,2.52,9.09,0,25.78,70393.54,1001536.88,8.72,0
CL10039,E-commerce,12,Renewed,76575.65,11,8711,1160,13.32,19903,1870,86.73,53560.93,3.71,6.65,7,35.51,227911.35,5864878.0,13.07,0
CL10040,Finance,12,Renewed,78047.66,8,3036,77,2.54,4181,12405,57.4,52563.76,2.34,7.46,3,3.59,168275.75,2121349.62,-15.51,0
CL10041,Finance,36,Pending,67561.35,18,3962,634,16.0,26519,10069,80.99,32010.9,2.81,6.99,4,42.73,203039.27,2932164.71,14.27,0
CL10042,Travel,18,Renewed,77781.01,5,9742,289,2.97,28086,12504,47.91,43505.37,1.97,5.17,10,34.04,245784.91,3007045.17,-13.03,1
CL10043,Healthcare,12,Renewed,85362.54,14,5749,779,13.55,42792,9089,92.49,69985.77,3.23,7.22,7,11.16,316375.78,4370325.59,17.82,0
CL10044,Retail,24,Renewed,63292.39,5,3361,108,3.21,38021,3315,60.74,37450.01,2.52,7.27,6,9.62,190181.28,5014518.68,-15.87,0
CL10045,Education,18,Not Renewed,13417.45,6,9456,627,6.63,40350,12080,55.29,9588.93,2.45,6.91,7,21.29,36779.31,811304.32,-6.01,0
CL10046,Education,12,Renewed,51324.64,5,1919,196,10.21,37270,6794,58.35,43615.6,2.66,5.77,7,39.43,188508.27,3191322.99,-1.27,0
CL10047,Retail,12,Pending,12376.69,19,1442,130,9.02,6129,19460,76.08,6871.88,3.01,6.26,5,40.62,48254.31,1417396.17,15.7,0
CL10048,Travel,24,Renewed,43716.59,7,5660,310,5.48,28210,17236,59.08,29746.18,2.51,6.46,9,25.46,140978.34,2569605.66,-8.19,0
CL10049,Real Estate,18,Renewed,43675.12,3,2326,179,7.7,30828,10761,66.57,31820.61,3.36,7.27,1,41.46,162399.67,4763948.74,-5.5,0
CL10050,Real Estate,24,Pending,11270.94,12,1179,162,13.74,12778,1492,87.99,5814.12,3.4,7.75,5,1.26,34785.57,428729.1,11.99,0
CL10051,Travel,18,Not Renewed,38137.95,15,4306,554,12.87,8917,6889,75.73,19430.1,2.5,8.98,0,2.65,124936.95,3485996.45,14.98,0
CL10052,Real Estate,24,Renewed,15544.82,6,6380,231,3.62,35265,14485,53.12,9832.46,1.84,7.58,0,43.86,51348.92,426405.98,2.77,0
CL10053,Finance,18,Pending,81782.34,7,7335,1033,14.08,9463,17161,76.36,49423.11,2.65,6.3,10,37.44,272427.93,5447651.54,16.92,1
CL10054,Education,18,Not Renewed,95030.36,11,913,30,3.29,49052,205,51.03,69912.52,2.39,7.7,2,22.18,243092.39,4207237.11,-4.6,1
CL10055,Travel,24,Renewed,11870.07,9,5189,566,10.91,37792,11579,79.38,5671.56,2.69,7.33,2,36.42,35946.61,702825.7,9.81,1
CL10056,Education,12,Renewed,95735.94,15,2131,139,6.52,25509,2046,67.56,80309.69,2.48,5.1,10,45.92,302276.79,6098671.92,2.78,1
CL10057,Retail,12,Renewed,54644.78,4,8614,1000,11.61,28175,5644,64.48,24902.22,2.64,7.56,4,37.29,135277.42,2240016.83,1.79,0
CL10058,E-commerce,6,Renewed,33458.74,13,9195,602,6.55,36675,17579,71.0,23104.15,2.66,7.4,0,40.59,87237.7,2613672.25,2.18,0
CL10059,Finance,24,Not Renewed,12301.9,17,9833,1747,17.77,7231,13375,92.92,8304.43,2.55,6.59,9,36.75,42681.21,1258376.87,26.66,0
CL10060,Technology,24,Not Renewed,52559.31,18,6011,439,7.3,41063,7085,74.95,26483.92,3.24,7.57,5,8.91,160289.69,4673790.62,-6.26,0
CL10061,Finance,24,Renewed,80478.98,2,2753,172,6.25,11832,1882,54.22,41073.77,2.7,7.95,6,40.18,172300.27,5089727.76,-19.29,1
CL10062,Travel,12,Renewed,72173.22,11,3440,234,6.8,19677,19741,59.37,55361.98,2.07,6.2,9,10.17,263490.38,6704848.08,-17.18,0
CL10063,Technology,12,Pending,9771.47,11,7976,1308,16.4,24218,6313,91.61,7866.28,3.26,6.23,10,42.95,36699.65,1091777.54,12.21,1
CL10064,E-commerce,6,Renewed,11925.67,3,1241,153,12.33,3411,14585,69.2,6716.62,2.35,8.08,2,22.56,33626.79,929172.94,13.71,0
CL10065,Travel,12,Not Renewed,43272.96,10,9141,1264,13.83,19299,15705,81.15,27053.63,2.79,7.04,3,32.82,99311.53,1703244.18,1.79,0
CL10066,Healthcare,18,Renewed,33052.6,14,8658,1448,16.72,49902,4969,83.23,19567.07,3.22,6.5,9,24.37,126854.99,3205003.55,3.54,0
CL10067,Education,12,Pending,27076.51,17,2997,499,16.65,15694,18045,89.84,12970.16,3.48,6.73,10,5.42,99439.05,2790805.92,10.79,1
CL10068,E-commerce,12,Renewed,31695.43,19,9381,1309,13.95,5451,9967,86.3,22797.94,3.39,6.27,9,14.66,75847.86,1795875.09,23.77,1
CL10069,Education,36,Pending,81330.86,20,4141,230,5.55,41366,4081,65.98,63444.35,2.75,5.87,9,47.24,170450.46,2948999.46,12.17,0
CL10070,Real Estate,12,Renewed,93276.67,13,2138,333,15.58,28833,9593,85.95,53349.75,3.56,6.31,9,46.15,258223.45,2439536.43,22.79,0
CL10071,Healthcare,18,Renewed,43484.76,9,4370,247,5.65,22173,5782,64.61,36791.16,2.42,6.7,9,16.06,144889.1,3740070.53,8.34,0
CL10072,Healthcare,24,Renewed,91080.55,18,4783,670,14.01,49385,5882,87.36,43749.69,3.01,6.93,2,47.83,199320.78,5772398.2,28.87,0
CL10073,E-commerce,12,Pending,35542.09,16,594,78,13.13,41370,17427,82.8,25402.51,2.13,7.52,0,40.74,105077.55,1678528.93,-1.91,0
CL10074,Healthcare,24,Not Renewed,50261.51,11,7216,1029,14.26,6065,9237,80.12,31629.13,2.95,6.47,7,29.72,138254.1,1568068.76,0.78,1
CL10075,Technology,24,Renewed,26472.75,16,1884,203,10.77,23321,17084,85.0,16641.85,3.29,7.36,9,2.89,98672.35,1498150.62,8.39,1
CL10076,Healthcare,36,Renewed,65845.22,16,3610,448,12.41,25994,13112,84.33,41683.86,3.17,5.32,9,43.37,181756.15,3783743.53,14.36,1
CL10077,Education,12,Renewed,98003.21,8,3886,671,17.27,34441,1624,83.72,54242.1,2.84,8.12,1,27.2,290020.76,4342317.87,13.91,0
CL10078,Education,36,Pending,62331.84,14,5366,218,4.06,9124,16734,64.59,45890.27,2.93,6.9,0,41.82,242480.66,5197236.4,0.64,0
CL10079,Travel,12,Renewed,38992.34,18,9290,677,7.29,47662,178,75.65,28800.94,2.86,6.58,7,40.22,98027.15,2869328.11,14.13,1
CL10080,Education,12,Renewed,66542.66,10,5528,662,11.98,46524,3223,77.88,37460.78,3.2,6.89,6,40.15,162871.19,3706322.67,-6.33,1
CL10081,Travel,12,Renewed,16677.46,9,6781,1183,17.45,1335,7164,91.67,13077.17,3.41,7.75,6,33.81,59624.93,952717.31,17.55,0
CL10082,Education,36,Renewed,89422.61,19,6993,278,3.98,19146,13168,47.19,51573.42,2.75,8.28,3,14.7,217030.14,6204146.28,-10.34,0
CL10083,Technology,12,Renewed,52792.98,14,9743,278,2.85,12324,8517,51.12,39068.77,2.45,5.96,10,16.8,191740.28,3919933.67,-12.32,1
CL10084,Retail,12,Renewed,47688.23,17,4758,160,3.36,37835,13462,65.26,23767.81,2.86,5.81,8,15.5,96579.38,1045393.83,1.7,0
CL10085,Travel,24,Not Renewed,60657.15,10,7182,238,3.31,4315,1309,51.3,31388.9,2.31,7.93,5,1.94,125136.84,2374794.66,-1.41,0
CL10086,Finance,12,Renewed,64354.47,13,6969,1155,16.57,49898,5253,89.86,37088.66,3.02,7.69,1,28.38,240483.56,5382022.5,17.9,0
CL10087,Real Estate,6,Pending,11818.7,13,7707,1054,13.68,2929,4998,77.74,8125.94,3.1,8.14,0,33.85,35545.84,939888.74,26.02,0
CL10088,E-commerce,12,Renewed,69848.64,7,7769,1010,13.0,42450,18662,81.57,49467.13,3.54,7.38,0,41.13,236546.69,6765824.17,19.21,0
CL10089,Education,12,Renewed,27983.51,20,6319,670,10.6,42386,10971,81.26,17029.15,2.79,6.75,8,7.59,65068.44,974930.52,13.51,0
CL10090,Healthcare,12,Pending,72825.5,8,4634,678,14.63,44898,7710,87.32,35038.95,3.05,6.54,3,26.58,157992.02,1804469.84,19.65,0
CL10091,Retail,12,Pending,83140.81,4,6079,299,4.92,3107,11177,50.72,49839.08,2.34,7.31,4,1.38,299578.57,2883213.1,-4.05,0
CL10092,Education,24,Not Renewed,81376.06,17,8990,771,8.58,26150,15891,73.15,59038.9,3.07,7.57,2,5.47,214384.08,5197485.03,19.19,0
CL10093,Healthcare,12,Renewed,57487.59,19,1412,143,10.13,39198,2644,88.01,41298.98,3.28,8.53,3,3.55,162986.98,4155105.57,25.5,0
CL10094,Real Estate,12,Renewed,54416.14,17,3062,129,4.21,32853,5622,66.71,27974.17,3.0,5.93,7,35.1,102697.44,1746494.11,5.31,1
CL10095,Real Estate,24,Pending,18573.22,8,3038,273,8.99,37290,2470,70.93,8415.78,3.47,8.78,3,4.81,48729.22,814282.76,-1.68,0
CL10096,Real Estate,12,Renewed,78657.88,5,3297,244,7.4,12491,19765,51.73,59087.22,2.13,5.72,8,34.67,275752.31,7994945.93,-5.97,1
CL10097,Healthcare,24,Renewed,30783.89,9,5396,165,3.06,21668,4810,54.05,15162.52,2.61,7.87,8,12.73,109215.54,3076272.93,-3.03,1
CL10098,Education,12,Renewed,52186.07,14,7304,337,4.61,31599,428,72.95,25202.72,2.93,5.57,5,42.25,171594.06,2253347.43,11.79,1
CL10099,Real Estate,12,Renewed,32006.04,14,5830,836,14.34,39885,13783,94.98,14437.3,3.32,7.83,1,39.22,104542.85,2632155.65,15.11,0
CL10100,Technology,6,Not Renewed,17713.69,18,226,6,2.65,36419,5679,61.15,11036.35,2.77,5.69,9,46.02,51703.83,1121942.54,3.21,0
CL10101,Travel,12,Renewed,64807.98,18,5702,968,16.98,31916,13222,88.71,42209.8,3.08,4.87,10,42.54,193990.89,2210118.86,23.0,0
CL10102,Healthcare,12,Renewed,10161.54,6,1291,50,3.87,6080,6894,57.14,7164.55,2.58,6.06,6,44.87,34912.95,553334.05,-15.18,0
CL10103,Healthcare,12,Renewed,76121.3,7,2739,408,14.9,7554,220,90.11,43269.29,2.75,5.86,8,41.36,179755.89,2139886.86,7.97,0
CL10104,Education,6,Renewed,35170.75,20,1466,241,16.44,24590,6849,95.0,25821.31,3.12,7.0,5,33.59,83345.12,1207956.9,29.94,0
CL10105,Healthcare,12,Renewed,5012.8,14,9311,1591,17.09,40887,13863,94.81,2595.29,3.67,7.62,2,9.0,19170.33,412864.22,14.03,0
CL10106,Healthcare,12,Renewed,53557.27,15,6553,1045,15.95,16323,17448,95.0,41924.42,3.66,7.37,6,13.77,104642.75,1701055.84,33.3,0
CL10107,Real Estate,12,Renewed,9450.93,5,6771,471,6.96,46515,15550,63.74,6414.72,2.71,7.71,4,11.0,20438.23,340691.18,-3.11,0
CL10108,Education,12,Pending,31236.11,8,6783,520,7.67,37841,3775,66.25,21351.63,2.51,8.49,0,29.37,95850.72,1904768.55,3.95,0
CL10109,Real Estate,18,Renewed,72162.77,9,4639,423,9.12,15839,18560,67.74,38528.44,2.99,7.27,2,24.67,244121.65,2421425.82,4.61,0
CL10110,Travel,24,Renewed,10955.51,14,8976,418,4.66,3991,5743,64.52,5254.74,3.07,6.65,4,41.75,32313.08,783706.59,-6.05,0
CL10111,Retail,6,Not Renewed,84737.16,7,2987,85,2.85,1206,11660,61.58,53883.51,2.42,7.13,6,45.78,220706.99,3716178.16,8.73,0
CL10112,Travel,24,Pending,5362.89,7,9754,1558,15.97,32457,17800,92.33,3733.88,2.74,7.36,2,20.03,21064.42,391139.65,16.91,0
CL10113,Retail,24,Renewed,28448.27,4,4186,464,11.08,16228,17680,65.57,13883.28,2.81,6.31,5,24.8,93882.0,2763378.56,0.87,1
CL10114,Real Estate,6,Renewed,75385.89,4,2361,282,11.94,7497,15483,68.1,62586.41,3.03,6.41,4,46.66,275420.41,4289968.01,-13.69,1
CL10115,Travel,24,Renewed,35045.66,14,4280,722,16.87,38501,3270,95.0,29514.25,3.52,7.47,0,13.98,69918.19,1556436.0,10.31,0
CL10116,Education,36,Pending,14679.78,3,2941,377,12.82,39023,455,79.34,9808.77,3.51,6.78,9,38.24,34680.65,576915.91,19.06,0
CL10117,E-commerce,6,Not Renewed,39222.22,17,6140,811,13.21,25663,9818,85.48,32555.53,3.65,7.25,5,11.59,105635.88,2923390.56,14.29,0
CL10118,Real Estate,12,Pending,30687.36,7,3660,538,14.7,18218,128,85.55,16011.99,2.99,6.28,7,33.03,67938.97,1809122.23,9.7,1
CL10119,Retail,24,Renewed,85057.63,9,4858,209,4.3,22472,14931,71.16,39140.82,2.85,8.89,0,12.92,167404.52,2229114.06,-0.24,0
CL10120,Technology,24,Pending,34768.05,9,726,59,8.13,18731,17497,65.35,16193.7,2.48,7.12,1,42.54,79588.71,1847922.96,4.63,0
CL10121,Retail,12,Renewed,79948.58,7,5114,895,17.5,40119,10994,95.0,54765.18,2.95,7.34,3,27.39,239197.04,2256533.19,31.08,0
CL10122,Technology,12,Renewed,89727.85,15,1475,248,16.81,12626,9119,93.91,42589.93,2.95,7.92,1,9.74,294283.05,8590145.35,15.74,0
CL10123,Healthcare,12,Renewed,46212.65,4,1281,208,16.24,24095,12738,75.8,38514.47,3.14,5.35,10,11.55,163306.19,2560278.91,16.33,1
CL10124,Travel,12,Not Renewed,91444.6,11,5808,552,9.5,41133,14989,66.83,46341.68,2.79,6.46,8,24.21,175286.43,4610127.94,0.0,1
CL10125,Technology,18,Renewed,40845.22,4,590,93,15.76,12618,2124,81.55,23358.94,3.32,6.23,9,46.2,111987.11,1680421.47,15.59,0
CL10126,Retail,12,Pending,96587.45,13,3829,124,3.24,3817,5939,65.3,75242.31,3.54,6.37,7,37.17,207797.86,4555127.81,-13.99,1
CL10127,Healthcare,12,Renewed,13482.5,18,6074,292,4.81,45480,13603,71.92,7246.79,2.97,7.17,7,23.95,36940.63,1094883.24,-7.99,0
CL10128,E-commerce,24,Renewed,70266.83,6,3634,324,8.92,44615,10403,71.88,38449.12,2.52,7.12,3,16.87,193103.52,5269504.82,11.38,0
CL10129,Education,6,Renewed,51912.33,10,3396,339,9.98,43658,17238,69.79,36698.05,3.11,6.83,4,26.82,151738.47,1749248.67,5.55,0
CL10130,Education,12,Renewed,41826.64,8,2040,134,6.57,48131,17722,57.85,23441.09,2.2,6.52,3,36.17,155388.18,3114716.53,-1.78,1
CL10131,Education,24,Pending,65107.63,5,5114,410,8.02,49816,2006,74.76,34961.43,3.47,6.3,8,37.84,229500.83,3595749.97,-1.8,0
CL10132,Technology,24,Renewed,71866.42,14,1982,100,5.05,40328,7499,53.53,39646.63,1.7,8.0,1,16.26,228178.15,4005771.18,-11.41,0
CL10133,E-commerce,18,Pending,5414.51,14,5008,505,10.08,16004,8061,74.37,3499.18,2.66,5.53,10,34.89,20146.96,309739.94,-6.82,0
CL10134,Technology,18,Pending,20860.54,11,3087,457,14.8,3557,12131,95.0,17448.59,3.53,6.83,7,31.92,69546.83,1070402.46,14.22,0
CL10135,Travel,12,Not Renewed,72739.37,19,5685,725,12.75,27160,15228,79.89,56947.3,3.39,7.17,1,46.08,262976.04,5242735.4,10.24,0
CL10136,Technology,12,Renewed,68306.61,18,3259,136,4.17,37696,15763,52.82,38514.28,2.14,8.27,0,44.76,206620.35,2525563.56,-5.9,0
CL10137,E-commerce,18,Renewed,96774.51,14,4630,466,10.06,902,1560,62.69,57614.64,2.29,6.0,9,38.1,285658.58,5662524.15,-7.32,0
CL10138,E-commerce,12,Renewed,77298.59,18,781,104,13.32,9105,15782,95.0,49146.82,3.36,7.28,2,35.0,261234.87,3693139.95,25.42,0
CL10139,Travel,12,Not Renewed,95323.41,5,5354,574,10.72,16261,15293,75.99,80221.5,3.56,5.84,8,13.88,186046.56,2671186.54,7.39,1
CL10140,E-commerce,12,Not Renewed,71741.35,2,1173,101,8.61,27543,17900,61.14,37230.62,2.02,7.71,2,40.76,235278.05,5706070.71,-4.51,0
CL10141,Retail,6,Renewed,33314.96,2,2487,302,12.14,34135,11145,74.73,19755.55,2.75,6.67,8,21.09,126954.54,1098291.25,7.48,0
CL10142,E-commerce,12,Not Renewed,15009.67,16,2793,489,17.51,14279,7866,89.73,11133.73,3.29,7.32,6,13.8,50803.55,832203.14,34.11,0
CL10143,Education,12,Renewed,79273.27,14,9662,384,3.97,15655,17912,46.78,66238.96,1.96,6.54,9,19.06,157449.49,2671249.69,-14.04,1
CL10144,Retail,12,Pending,66194.18,18,4440,379,8.54,41478,4478,78.17,33909.3,2.66,7.5,0,40.29,173536.47,3240346.39,16.84,0
CL10145,Retail,12,Renewed,9577.67,9,2256,199,8.82,33632,7629,70.44,5181.06,2.68,6.54,9,7.99,33860.5,769251.05,8.18,0
CL10146,Travel,24,Pending,39204.79,19,8066,923,11.44,24351,3171,85.18,21181.48,3.2,7.11,4,22.44,150865.81,2433934.59,12.14,1
CL10147,Finance,18,Renewed,95895.98,14,2680,130,4.85,15866,17039,62.07,43956.11,2.51,7.12,8,24.14,248556.27,3153934.56,-14.45,0
CL10148,Finance,24,Not Renewed,52538.11,15,7357,385,5.23,28908,18047,64.24,36337.79,3.14,8.14,2,2.72,191208.2,5251954.35,-5.55,1
CL10149,E-commerce,24,Pending,46109.27,9,2259,156,6.91,7071,11792,49.78,33119.42,2.51,6.44,8,10.2,170307.86,5038191.84,-10.04,0
CL10150,Retail,12,Pending,48481.46,9,6872,1190,17.32,14517,1140,95.0,33501.19,3.45,7.65,4,39.86,103345.7,872271.11,20.16,0
CL10151,Finance,6,Renewed,24843.86,16,1727,240,13.9,39736,2786,77.73,11888.51,3.29,6.7,8,40.05,89333.26,1788654.72,19.28,1
CL10152,Finance,18,Renewed,40027.18,14,8319,1061,12.75,4650,12766,75.95,19120.67,3.03,6.58,9,14.74,100081.87,1553015.65,1.8,1
CL10153,E-commerce,18,Renewed,40132.26,8,7180,1089,15.17,46333,2653,82.03,21436.83,2.87,6.58,5,42.12,123580.79,1741719.31,10.75,0
CL10154,Finance,24,Renewed,9973.73,6,2085,93,4.46,19923,1879,43.84,5646.31,2.08,5.9,8,37.27,29655.39,456264.21,-10.52,1
CL10155,Technology,12,Renewed,77918.92,18,9813,1552,15.82,4637,13286,86.77,59578.17,2.73,6.94,6,20.64,255852.03,5642896.0,13.01,0
CL10156,Healthcare,12,Not Renewed,44567.92,17,8588,1007,11.73,30492,16559,75.71,22897.04,3.58,6.09,6,36.18,150791.76,1839018.94,15.29,0
CL10157,Travel,12,Renewed,83107.09,3,2281,176,7.72,45504,5157,62.71,38863.94,2.92,6.37,7,46.18,227942.76,6401301.86,-10.3,1
CL10158,Healthcare,12,Renewed,85783.06,19,2396,363,15.15,29402,18833,77.62,52121.36,2.03,7.82,6,22.57,318885.79,5821106.89,-3.32,0
CL10159,E-commerce,24,Renewed,25139.44,18,7264,1085,14.94,45421,19257,95.0,15499.89,3.78,7.04,8,12.21,89347.73,1354751.96,18.71,1
CL10160,Education,18,Renewed,67448.58,8,2697,421,15.61,14333,2362,89.61,42517.08,2.68,4.86,10,45.27,236540.48,5876065.11,16.66,0
CL10161,Travel,12,Renewed,49866.77,14,1001,43,4.3,1881,19713,54.6,38934.05,2.6,6.56,8,29.38,142494.73,1191202.74,-5.54,1
CL10162,E-commerce,36,Renewed,88614.89,19,6160,1080,17.53,8654,10408,91.4,43350.6,2.46,7.66,5,5.95,168474.95,2948440.18,19.59,0
CL10163,Retail,18,Not Renewed,25495.36,15,9390,1631,17.37,34735,16876,95.0,18651.81,3.16,7.03,6,27.92,74360.6,1176137.76,17.73,0
CL10164,Education,12,Renewed,69392.25,19,1777,143,8.05,13939,17592,69.97,40606.83,3.22,7.52,1,24.53,259043.36,3999789.57,-8.58,0
CL10165,Healthcare,12,Not Renewed,62736.45,14,2981,105,3.52,19622,5288,50.02,36010.22,2.8,6.01,8,41.21,140745.67,2169674.72,-11.44,1
CL10166,E-commerce,12,Not Renewed,33053.64,12,5722,291,5.09,24456,8902,61.34,27203.72,2.67,8.64,0,25.94,131196.46,1139830.95,-10.88,0
CL10167,Retail,12,Renewed,17977.09,17,8152,1458,17.89,17764,5157,88.06,9876.39,3.43,7.89,0,13.0,63522.0,720756.24,16.71,0
CL10168,Travel,12,Not Renewed,66905.78,18,1478,166,11.23,45274,4098,74.42,47303.24,2.36,7.29,2,32.76,225298.24,2505648.41,-2.27,0
CL10169,Travel,12,Renewed,75166.76,9,1348,108,8.01,3649,8964,67.82,42097.23,2.9,6.88,5,26.5,245197.63,7294490.0,5.01,1
CL10170,Real Estate,12,Pending,34984.6,20,5750,401,6.97,25160,3777,76.81,22839.96,3.2,8.17,4,11.95,108311.23,919307.45,21.61,0
CL10171,Retail,12,Renewed,66259.1,16,6179,401,6.49,41160,5896,80.99,50656.22,3.9,8.51,1,27.96,225581.56,2633804.67,5.39,1
CL10172,Technology,24,Not Renewed,42537.44,10,9556,1223,12.8,21028,14550,90.04,34144.34,2.98,5.0,8,39.61,118537.98,3488790.77,7.41,0
CL10173,Finance,6,Not Renewed,72754.65,11,7136,642,9.0,49404,6463,70.85,57147.24,2.78,7.31,9,2.34,267116.86,5828929.31,13.25,0
CL10174,Education,18,Pending,23925.45,13,6587,1150,17.46,1668,8223,95.0,16338.03,3.34,8.02,3,30.65,79744.59,1428598.54,35.0,0
CL10175,Retail,12,Pending,89570.43,2,1158,152,13.13,45624,8322,82.43,49221.33,3.28,8.32,3,17.43,309646.16,3013705.73,2.24,0
CL10176,Real Estate,36,Renewed,32303.91,10,2148,317,14.76,36397,13754,78.54,23080.93,3.25,7.26,4,14.76,114447.81,2601690.05,8.75,1
CL10177,Finance,12,Renewed,39939.67,16,6215,437,7.03,15532,17884,68.84,29314.2,3.1,6.65,7,19.45,82948.21,915056.93,6.58,0
CL10178,Finance,12,Renewed,10518.74,2,4348,162,3.73,35794,4171,50.43,4778.42,2.67,5.53,9,17.08,20305.53,462277.62,-12.28,1
CL10179,E-commerce,36,Renewed,15593.66,13,2576,259,10.05,44327,8908,65.94,9756.71,2.15,5.98,3,40.12,55178.03,1630062.9,-13.35,1
CL10180,Finance,24,Pending,54006.88,4,4703,347,7.38,4016,2886,56.63,42519.88,1.54,7.37,4,13.92,131859.56,2598081.46,-16.84,0
CL10181,Technology,24,Renewed,30421.3,12,3653,206,5.64,20251,970,62.27,19647.14,2.4,7.3,3,35.46,93806.98,1192273.81,-12.05,1
CL10182,Travel,12,Not Renewed,84370.62,3,320,55,17.19,30873,4296,94.3,48475.15,3.28,7.66,5,5.42,234164.78,5094545.74,12.19,0
CL10183,Real Estate,12,Pending,6395.87,17,4918,461,9.37,30770,11896,81.85,5108.5,2.8,7.67,2,45.72,15000.0,289266.8,12.49,0
CL10184,Finance,24,Not Renewed,41013.93,10,7292,380,5.21,10886,2839,52.81,21013.58,2.21,8.19,7,30.25,78446.47,1547677.14,0.25,0
CL10185,E-commerce,36,Renewed,37047.83,16,4723,264,5.59,36823,1040,62.45,19730.86,2.47,6.63,5,34.22,132264.74,2449325.12,-12.64,1
CL10186,Technology,18,Not Renewed,6836.12,13,7449,510,6.85,49280,440,70.08,4955.84,2.96,5.86,9,15.01,21584.09,492598.42,-2.73,0
CL10187,Healthcare,18,Not Renewed,16815.0,2,5718,1029,18.0,14657,4233,91.76,9937.23,2.88,7.71,4,20.37,49567.49,1020237.63,9.85,0
CL10188,Travel,12,Renewed,44296.05,14,9956,662,6.65,38379,17143,71.39,32566.75,2.76,8.41,1,11.52,171290.21,5089698.75,6.78,0
CL10189,Travel,24,Renewed,51822.14,15,7309,555,7.59,40020,10325,66.18,26588.98,2.65,5.38,9,44.83,113584.38,2972389.1,-5.75,1
CL10190,Real Estate,12,Pending,43407.53,9,4676,595,12.72,39632,9852,88.86,23913.54,3.37,6.72,9,23.94,103286.73,1427770.1,8.62,0
CL10191,Travel,12,Renewed,55439.08,9,1971,139,7.05,4126,3557,65.75,28421.34,3.07,6.27,6,30.63,189452.9,4540550.11,-12.25,1
CL10192,Finance,12,Renewed,61537.51,13,8015,468,5.84,20900,9948,69.45,51147.77,3.33,7.62,1,35.51,217583.41,2766487.7,13.99,0
CL10193,E-commerce,18,Renewed,5942.76,2,1562,77,4.93,37143,19459,55.36,3637.93,2.17,8.3,0,18.44,16065.21,405029.99,10.77,0
CL10194,Travel,12,Renewed,49089.04,12,5621,413,7.35,38765,9341,67.98,28711.59,2.01,6.09,6,34.84,188662.76,2121751.98,2.76,0
CL10195,Travel,12,Renewed,96532.43,9,8636,358,4.15,16479,553,47.35,43987.98,2.17,6.16,4,32.77,365303.31,6728223.7,-0.47,1
CL10196,Healthcare,18,Renewed,54308.07,11,8336,232,2.78,12029,9996,49.94,27771.36,1.75,8.07,0,34.17,100681.85,2556648.08,-15.08,0
CL10197,Healthcare,12,Renewed,69366.52,20,7913,1185,14.98,17145,11076,88.0,42900.03,4.11,8.29,3,23.99,153751.04,2177495.94,16.09,0
CL10198,Education,18,Renewed,34627.07,12,2168,101,4.66,26924,15972,61.55,16531.0,2.26,8.19,3,19.0,122642.54,3239801.47,2.8,0
CL10199,Technology,12,Not Renewed,78529.18,8,5853,850,14.52,13882,918,95.0,51381.31,3.51,7.1,9,11.44,201625.95,4470312.57,14.99,0
CL10200,Finance,12,Renewed,78427.54,12,7337,1090,14.86,4525,4968,83.68,49566.69,3.39,6.05,6,39.76,161440.99,2703408.68,11.8,1
CL10201,Travel,18,Not Renewed,54523.12,18,7116,771,10.83,43726,16496,68.74,41266.76,2.85,6.42,8,29.59,192887.26,3339875.24,0.35,1
CL10202,Retail,6,Renewed,97721.31,2,6291,459,7.3,14344,12271,75.87,69765.3,3.61,7.25,1,21.88,276854.79,7854872.54,11.11,0
CL10203,Travel,12,Renewed,16927.27,9,1614,77,4.77,4675,1020,67.63,10636.74,2.63,7.76,0,45.37,48939.4,626003.54,2.34,0
CL10204,E-commerce,12,Renewed,6610.03,7,2698,376,13.94,31019,18902,74.2,3568.52,2.56,9.26,1,3.25,15000.0,348809.66,0.62,0
CL10205,Education,6,Renewed,78165.03,19,1101,130,11.81,9674,9606,84.43,57900.39,2.77,7.24,6,40.96,255839.3,6027694.8,11.19,1
CL10206,Technology,36,Renewed,81679.78,7,1133,143,12.62,3943,6575,84.85,59883.11,3.35,6.74,9,47.89,248379.47,7027622.21,22.81,0
CL10207,Retail,12,Pending,16419.69,6,6999,184,2.63,21895,2117,54.82,8395.69,2.35,7.18,5,42.69,37138.76,879802.89,-2.74,1
CL10208,Education,24,Renewed,30230.37,14,8565,1445,16.87,11225,8057,94.36,24664.98,2.99,7.42,3,39.09,79163.4,1651212.62,24.25,0
CL10209,Real Estate,12,Renewed,6667.47,20,5151,182,3.53,33961,16330,56.4,3172.13,2.61,8.82,0,18.59,20485.05,570621.23,12.03,0
CL10210,Technology,24,Pending,32864.32,9,4576,375,8.19,41615,9520,72.15,15512.45,3.05,8.88,0,11.87,123577.58,3242787.49,-4.04,0
CL10211,Travel,24,Renewed,78448.48,10,578,51,8.82,45048,4892,67.11,41180.76,2.79,6.59,4,35.54,295282.07,7018583.74,7.16,0
CL10212,Travel,18,Renewed,54206.25,18,615,16,2.6,31851,13337,39.28,44112.2,2.39,7.58,0,15.32,135951.9,1185055.25,-17.57,0
CL10213,Technology,12,Pending,38069.08,4,1291,132,10.22,18696,18918,73.32,25049.43,2.86,7.73,6,9.27,129789.06,2104847.49,8.57,0
CL10214,Travel,12,Renewed,40315.23,20,6397,906,14.16,47109,16351,75.67,30848.26,2.67,6.8,10,37.97,141904.94,3107941.37,8.93,0
CL10215,Finance,12,Renewed,5128.59,12,9703,1481,15.26,14754,19352,94.44,2775.27,3.58,8.92,0,15.69,18123.48,353217.77,15.0,0
CL10216,Technology,36,Not Renewed,33481.05,18,371,60,16.17,14521,10807,83.81,21631.73,2.75,6.66,0,43.98,102456.13,1539403.68,4.89,0
CL10217,Education,24,Renewed,66413.58,20,8434,848,10.05,46636,1538,59.95,39404.23,2.14,7.28,1,40.51,124219.68,1388443.88,-3.54,0
CL10218,Technology,36,Pending,97548.47,3,7878,967,12.27,6224,3643,64.34,76198.18,3.03,5.47,10,40.84,340912.69,6874819.68,-6.72,1
CL10219,Retail,12,Not Renewed,85470.78,9,6108,228,3.73,29190,11467,57.18,39234.66,2.35,4.87,9,37.26,174242.02,2489950.99,-8.43,1
CL10220,Travel,24,Renewed,7241.52,20,8087,814,10.07,1907,18265,78.48,3965.0,3.53,6.54,2,42.4,15079.12,197928.69,15.82,0
CL10221,Finance,36,Renewed,90363.26,8,3432,168,4.9,8532,15620,50.16,46178.31,2.61,5.61,10,38.87,280087.21,4699045.81,-20.2,1
CL10222,Finance,12,Renewed,79403.85,18,887,73,8.23,47840,6443,64.37,63020.9,2.48,8.21,0,29.32,314741.93,7956931.41,-1.97,0
CL10223,Real Estate,6,Renewed,79135.73,7,6322,481,7.61,18294,2363,66.42,50410.85,2.85,6.13,8,14.9,187439.88,3511269.48,9.43,0
CL10224,Education,24,Renewed,48509.6,20,9973,904,9.06,20381,10261,81.46,29672.74,3.9,4.97,9,42.75,155673.36,1986832.42,7.46,0
CL10225,Healthcare,18,Pending,42810.5,7,722,82,11.36,21256,311,67.38,26961.76,2.96,6.9,7,40.51,106817.38,1129259.36,13.42,1
CL10226,Healthcare,24,Renewed,33776.99,3,3941,650,16.49,40662,13909,89.93,28331.12,3.4,7.13,4,23.23,128251.82,2433927.1,5.04,0
CL10227,Technology,12,Renewed,11241.01,7,3776,325,8.61,29916,7127,56.8,8881.6,2.25,6.4,10,2.84,35340.75,900343.09,8.82,0
CL10228,Real Estate,24,Not Renewed,26682.36,6,2672,473,17.7,44854,431,93.56,19546.1,3.92,7.5,1,31.01,61872.1,1383583.68,20.14,0
CL10229,E-commerce,12,Pending,28427.35,20,7015,1001,14.27,26252,8269,92.97,16095.33,3.73,7.41,4,3.38,67998.88,891280.04,8.95,0
CL10230,Technology,12,Renewed,50987.32,5,5133,535,10.42,13426,9233,76.47,26312.99,2.69,7.3,5,44.54,139563.86,2457376.93,14.69,0
CL10231,Real Estate,12,Renewed,76007.22,18,7888,985,12.49,34265,14691,89.49,62217.49,3.85,7.16,0,46.2,164246.65,4404285.09,20.59,0
CL10232,Education,24,Pending,50011.93,12,5314,217,4.08,14890,16225,65.89,30968.9,2.72,6.45,10,9.91,101031.48,1203126.3,11.68,0
CL10233,Education,24,Renewed,10495.22,5,4812,750,15.59,39367,827,95.0,5893.09,3.02,7.33,3,32.79,34303.67,675980.32,8.71,0
CL10234,Education,18,Renewed,95990.03,14,166,19,11.45,22439,11154,79.29,61277.0,2.75,5.84,8,5.34,260578.25,4126802.03,1.23,1
CL10235,Education,12,Renewed,94558.81,18,7633,1357,17.78,27807,3343,95.0,77267.69,3.62,7.83,1,35.29,324276.1,3480116.39,27.16,0
CL10236,Education,24,Not Renewed,79593.01,10,4716,583,12.36,31328,17132,72.79,48140.0,2.53,6.64,4,17.32,165738.83,1507873.02,25.85,0
CL10237,Real Estate,12,Renewed,99176.15,5,1240,191,15.4,29013,5195,83.81,66949.49,2.68,8.32,0,33.01,312353.47,6318651.59,17.77,0
CL10238,Real Estate,24,Renewed,56725.82,15,5830,868,14.89,25002,13909,86.67,43746.19,2.97,7.02,3,18.53,160179.02,1354549.91,21.01,0
CL10239,Finance,12,Renewed,96462.99,20,7565,594,7.85,30563,11029,64.33,59889.34,2.53,8.23,3,7.84,190708.34,1959683.54,-6.56,0
CL10240,Retail,12,Renewed,12182.48,4,9479,618,6.52,22986,14942,46.18,6620.16,1.99,6.96,5,20.09,36303.04,568012.4,-14.63,0
CL10241,Healthcare,12,Not Renewed,39739.67,15,4571,419,9.17,46777,17493,79.26,33691.7,2.8,6.29,9,6.3,82890.65,742488.36,5.02,1
CL10242,Travel,12,Pending,26411.22,9,3439,335,9.74,38758,1650,65.99,21990.73,2.99,6.45,8,28.11,96305.04,1618867.98,4.71,1
CL10243,Education,24,Pending,23604.14,2,648,40,6.17,32192,9095,58.32,18585.7,2.59,7.48,2,2.92,76098.77,827043.76,2.76,0
CL10244,E-commerce,18,Renewed,18376.28,11,7775,1272,16.36,38884,15266,95.0,13329.23,3.13,6.36,8,25.78,56065.47,880071.34,22.49,1
CL10245,Travel,12,Renewed,64129.3,19,8364,912,10.9,16458,7592,82.9,36422.0,2.89,7.06,5,42.66,136099.79,3457685.0,18.89,0
CL10246,Real Estate,24,Renewed,79225.58,17,298,53,17.79,35516,12601,95.0,64597.78,3.27,7.04,6,40.38,198658.24,4326779.56,20.77,1
CL10247,E-commerce,12,Renewed,59938.35,9,671,101,15.05,17732,15667,86.62,33578.82,3.1,5.5,9,42.49,172328.45,3067243.7,25.73,1
CL10248,E-commerce,18,Renewed,18961.46,2,890,99,11.12,11248,19885,77.39,14606.46,2.9,7.3,1,44.34,61102.86,612270.99,1.78,0
CL10249,E-commerce,36,Pending,82056.76,13,9930,1706,17.18,11014,13365,90.82,67065.26,3.53,5.63,10,5.91,187836.98,4061278.29,29.4,1
CL10250,Finance,24,Renewed,65415.7,9,1274,132,10.36,23238,5524,68.11,45215.43,2.78,6.23,9,7.05,123728.53,1435450.44,-3.55,1
CL10251,Real Estate,12,Renewed,41875.74,17,278,45,16.19,9195,14186,95.0,32295.51,3.39,6.16,5,27.18,109580.52,1061276.33,21.13,0
CL10252,E-commerce,36,Renewed,69042.38,19,2344,189,8.06,8570,3261,68.75,52933.28,3.23,6.87,5,43.02,200616.41,4535518.22,-6.93,1
CL10253,Education,24,Renewed,29690.97,5,4186,350,8.36,28265,9315,72.16,15654.95,3.46,7.87,1,46.79,65888.01,1849167.94,9.06,1
CL10254,Technology,12,Renewed,37793.26,7,834,75,8.99,42162,6717,65.93,27104.18,2.23,8.25,1,3.17,110085.72,1996190.48,1.7,0
CL10255,E-commerce,12,Not Renewed,92161.16,13,6332,695,10.98,31261,12026,75.77,44918.17,2.33,7.55,1,17.72,233413.54,2077826.33,13.45,0
CL10256,Finance,24,Pending,32597.93,10,898,99,11.02,17198,15192,75.38,21291.01,2.75,6.71,9,11.01,91892.69,2514785.88,-6.6,0
CL10257,Travel,24,Not Renewed,49648.89,16,7701,785,10.19,15623,16260,83.61,25563.93,3.33,7.41,0,36.53,127020.97,1203323.36,14.1,1
CL10258,Real Estate,18,Renewed,89563.41,17,9079,658,7.25,35644,17660,66.1,55219.41,2.8,7.51,4,31.09,284266.87,7699450.99,4.0,0
CL10259,Retail,24,Renewed,72233.53,13,2895,488,16.86,26116,15738,95.0,56572.78,3.68,8.16,7,6.63,143447.26,2384097.22,13.09,0
CL10260,Finance,24,Renewed,10909.31,15,4688,545,11.63,37646,2333,72.99,9216.92,2.68,7.5,1,23.73,24765.42,397204.64,9.86,0
CL10261,E-commerce,12,Renewed,18993.79,14,7397,652,8.81,11682,4800,73.81,10962.91,2.16,6.68,4,33.22,52291.29,1042768.97,-12.21,1
CL10262,Real Estate,12,Not Renewed,5744.95,3,3184,401,12.59,25333,11127,72.71,3807.65,2.34,5.52,7,37.61,15016.83,436327.0,4.38,1
CL10263,Technology,12,Renewed,64937.57,4,831,120,14.44,33842,7960,90.31,42502.89,3.4,6.85,9,1.94,174426.01,4844210.08,29.02,1
CL10264,E-commerce,24,Renewed,47528.98,11,1229,214,17.41,31831,7626,86.64,39532.73,3.5,6.89,4,42.85,170906.49,3135666.14,14.06,0
CL10265,Finance,6,Renewed,17756.11,10,1705,175,10.26,46598,5659,69.13,11389.36,2.07,7.74,1,27.76,66082.11,1540249.16,-2.86,0
CL10266,Healthcare,18,Renewed,96003.74,9,3033,129,4.25,26628,6832,49.98,70048.41,2.8,7.39,2,39.16,230852.04,4794668.41,-11.03,1
CL10267,Education,24,Pending,55317.67,11,9507,887,9.33,32056,2613,72.9,45289.44,2.98,6.15,5,38.97,202523.53,4709918.55,6.32,0
CL10268,Retail,24,Renewed,27979.86,20,8616,855,9.92,22469,7930,80.94,16769.77,2.97,5.44,10,9.92,78715.64,2065908.04,18.33,1
CL10269,Travel,12,Renewed,52557.34,4,5174,849,16.41,22376,14881,90.81,42616.06,3.0,6.03,10,6.18,130223.19,1140607.24,19.11,0
CL10270,Finance,24,Renewed,69563.93,6,7199,621,8.63,9449,8010,67.67,56832.51,3.26,5.99,4,34.9,276426.42,4192481.22,7.97,0
CL10271,Real Estate,12,Renewed,12242.73,4,1590,275,17.3,25018,15947,85.03,10066.77,3.4,5.9,10,8.35,44534.77,1296195.19,14.76,0
CL10272,Retail,24,Pending,31096.86,17,993,99,9.97,6170,5749,73.92,17357.6,3.01,7.29,3,40.95,122132.19,3527837.01,0.25,1
CL10273,Retail,12,Not Renewed,81661.72,18,1490,262,17.58,24599,17580,93.57,49825.26,3.02,7.29,3,35.13,180124.21,1485459.07,8.78,0
CL10274,Retail,12,Not Renewed,48668.16,16,3489,92,2.64,39835,9220,58.97,38844.9,3.08,5.93,4,40.57,107148.27,1332033.31,-1.25,0
CL10275,E-commerce,24,Pending,56924.83,4,4339,713,16.43,13216,2051,88.76,33794.26,3.18,8.78,1,15.05,165395.66,4939200.82,-3.14,0
CL10276,Education,12,Renewed,46117.52,13,4579,775,16.93,39385,10265,95.0,31825.76,3.42,6.54,8,15.88,148206.82,2792535.38,6.88,0
CL10277,E-commerce,12,Pending,9170.49,10,2363,411,17.39,8337,14452,92.25,4559.77,3.28,7.05,1,32.55,20024.06,412556.75,7.89,0
CL10278,Real Estate,24,Renewed,20746.23,13,3532,95,2.69,49855,9846,58.8,9802.8,2.24,6.56,9,2.48,75205.75,876992.61,1.38,0
CL10279,E-commerce,24,Renewed,47326.46,16,2471,128,5.18,47799,11070,64.05,29096.19,2.74,7.38,1,35.15,140603.49,3891255.49,-12.58,0
CL10280,Healthcare,24,Not Renewed,24872.62,3,4412,557,12.62,19659,9286,75.31,16952.35,3.12,5.34,9,40.28,67986.06,889788.95,10.98,1
CL10281,Education,24,Renewed,9748.01,19,1615,47,2.91,41766,8904,61.4,5917.82,2.41,6.97,8,20.51,30375.6,369739.33,-10.78,0
CL10282,Education,18,Not Renewed,85146.72,13,6426,224,3.49,37377,695,55.33,57992.95,2.51,6.83,2,36.95,272782.54,3551272.11,-7.94,1
CL10283,Real Estate,12,Renewed,98213.29,5,7188,426,5.93,22060,7975,61.17,64431.23,2.58,6.69,9,9.21,191894.36,5417499.68,-3.18,0
CL10284,Travel,12,Pending,80348.57,17,5686,594,10.45,17606,6072,85.19,58195.09,3.41,6.34,6,16.15,319855.23,7504644.13,12.84,0
CL10285,Healthcare,12,Pending,86109.57,17,3017,331,10.97,46789,15982,74.98,61121.69,2.76,6.95,3,46.79,227474.3,5666184.79,1.81,0
CL10286,Finance,36,Not Renewed,27987.83,2,5831,177,3.04,9220,958,56.01,17344.01,2.52,6.66,5,47.36,55532.45,904890.16,-18.82,1
CL10287,E-commerce,18,Pending,96259.56,3,7786,400,5.14,38161,5619,41.53,59680.74,2.28,7.66,3,25.09,350854.37,9824586.99,-16.21,0
CL10288,Technology,12,Renewed,23707.94,4,1267,130,10.26,49995,10080,70.75,12003.6,2.66,5.74,9,44.91,92743.5,2352622.04,8.49,0
CL10289,E-commerce,12,Renewed,95385.83,18,8402,984,11.71,28862,4417,77.13,62505.9,2.63,6.71,6,25.57,341307.36,8366515.77,13.92,0
CL10290,Retail,36,Renewed,99507.83,2,5209,250,4.8,28758,19938,58.54,68150.09,2.27,7.85,0,14.7,364215.69,10693622.6,-3.87,0
CL10291,E-commerce,12,Renewed,72613.67,7,4427,384,8.67,22282,12244,67.47,46516.01,2.84,7.44,2,13.54,230520.28,3701309.75,3.79,0
CL10292,Finance,18,Pending,98208.65,16,5910,976,16.51,41668,12979,92.87,56988.8,3.18,7.41,2,44.69,371420.64,7963786.02,13.34,0
CL10293,E-commerce,18,Renewed,59106.28,15,3755,675,17.98,21620,1130,92.55,43659.41,3.17,7.88,0,9.1,115831.51,3245419.76,22.88,0
CL10294,Healthcare,18,Pending,29656.47,16,3893,693,17.8,20290,9587,95.0,14231.09,3.52,6.17,5,28.24,101724.25,2583750.86,24.3,1
CL10295,Healthcare,6,Renewed,46514.61,15,6838,1105,16.16,28412,13405,78.65,37945.51,3.3,6.71,10,27.11,154076.65,3142291.14,7.17,1
CL10296,Education,24,Renewed,61388.29,6,1677,145,8.65,47874,10355,69.5,28131.64,3.16,6.0,8,35.76,117785.27,1139772.85,3.53,1
CL10297,Real Estate,36,Pending,11942.75,7,9588,1260,13.14,43407,1547,73.74,9971.48,2.62,7.0,7,24.46,36438.28,814756.87,5.9,0
CL10298,Travel,18,Renewed,64122.61,18,2320,208,8.97,35312,10337,81.9,40714.15,3.34,6.74,10,13.8,188543.7,3692481.72,15.48,0
CL10299,Technology,24,Renewed,98211.89,12,9264,1163,12.55,36660,2950,73.9,60406.99,3.57,7.28,6,8.96,324687.42,3913123.09,-6.12,0
CL10300,Retail,36,Renewed,23060.23,17,1130,82,7.26,19656,12053,76.07,12742.57,2.93,5.86,9,30.18,46142.61,1264749.04,-4.76,0
CL10301,E-commerce,24,Not Renewed,80296.54,13,6791,808,11.9,11172,8206,79.22,36456.91,2.93,6.19,7,34.79,281406.66,4376286.97,-2.14,0
CL10302,E-commerce,12,Pending,91250.39,16,4092,434,10.61,14944,10100,64.32,51092.56,2.53,7.89,5,27.77,194612.1,3215878.87,-4.03,0
CL10303,Finance,18,Renewed,94651.65,5,1013,29,2.86,7284,9603,47.77,46735.2,1.89,5.84,8,35.7,255808.93,5830610.5,-8.42,1
CL10304,Real Estate,18,Renewed,96212.88,19,6458,953,14.76,18429,15593,94.48,68689.1,3.59,8.27,2,7.65,358795.81,6728703.17,2.67,0
CL10305,Healthcare,12,Renewed,54538.67,4,2281,61,2.67,1570,4155,58.61,31503.17,2.48,6.13,9,42.48,164789.89,1641996.73,-3.72,1
CL10306,Technology,24,Pending,97844.25,9,3297,232,7.04,23406,5502,56.65,74055.55,2.41,6.25,9,28.37,262844.77,4343172.22,3.71,1
CL10307,Education,36,Pending,76944.47,4,6140,159,2.59,35118,9381,63.81,40993.43,2.86,7.46,8,6.96,148842.64,1500074.02,1.35,0
CL10308,Healthcare,36,Renewed,20358.79,9,1562,130,8.32,45658,1772,68.78,16492.53,3.0,7.36,3,22.71,67475.09,822960.53,-13.51,0
CL10309,Retail,12,Renewed,50305.51,19,7137,248,3.47,3439,4632,66.52,33161.02,2.47,6.83,6,40.71,198029.97,1615496.34,5.23,0
CL10310,Real Estate,12,Renewed,73241.46,11,9599,1599,16.66,30341,5024,82.02,36313.3,2.82,4.97,8,43.19,273829.54,3282911.63,13.85,1
CL10311,Retail,36,Pending,28497.33,18,5094,456,8.95,43363,15369,70.48,17393.01,2.55,8.98,1,13.44,95719.86,1461627.12,1.09,0
CL10312,Travel,24,Pending,65858.44,9,9481,912,9.62,16801,12646,75.11,35083.07,3.61,8.34,1,34.43,135292.4,2684310.2,8.53,0
CL10313,Education,12,Renewed,68327.05,12,5408,428,7.91,7694,6185,66.78,36204.74,3.2,6.73,8,5.7,159563.66,4503540.48,-9.92,1
CL10314,Travel,36,Renewed,20456.48,6,6321,773,12.23,6351,12490,57.23,13348.83,2.72,8.54,2,2.58,46140.0,917595.0,-5.03,0
CL10315,Finance,24,Renewed,58683.1,14,7190,1054,14.66,16878,13380,85.21,42178.88,2.96,6.85,8,27.34,154111.13,3625198.94,17.98,0
CL10316,Retail,18,Not Renewed,78304.56,6,7869,987,12.54,1178,4964,64.7,63790.6,2.55,6.51,4,33.66,187793.76,2980079.65,-5.75,1
CL10317,Finance,18,Renewed,52395.09,14,787,111,14.1,31140,9416,77.66,34102.12,3.05,6.66,5,38.4,124492.78,3054539.59,5.1,0
CL10318,E-commerce,12,Pending,6149.8,7,4761,788,16.55,34256,1321,79.0,5143.3,3.73,7.44,1,16.99,19705.29,426625.68,5.26,0
CL10319,Travel,6,Pending,5858.65,6,9499,1509,15.89,30277,2960,94.75,4843.08,3.41,7.85,7,1.31,15091.53,273390.13,17.02,0
CL10320,Real Estate,12,Renewed,38917.79,10,1994,258,12.94,26683,10802,90.97,30979.53,3.4,6.46,10,23.54,129247.86,1584955.33,11.54,1
CL10321,Retail,24,Renewed,92988.44,17,7489,436,5.82,27945,8528,67.89,60441.64,1.82,6.84,8,1.75,358290.6,5258953.59,-4.14,0
CL10322,Technology,6,Renewed,26724.29,3,5022,622,12.39,2002,15485,75.41,13532.15,2.97,8.23,1,5.32,84646.36,1833509.05,11.42,0
CL10323,Education,12,Renewed,65264.55,2,6422,664,10.34,22165,9436,71.75,35057.62,2.31,7.21,5,16.35,222732.86,3869591.24,-9.22,0
CL10324,Healthcare,12,Pending,26097.21,9,3283,447,13.62,16698,3353,90.12,18504.7,3.03,6.67,5,21.55,90181.15,2485979.05,19.05,1
CL10325,Real Estate,18,Pending,35558.65,20,3897,601,15.42,21911,3882,76.67,22000.21,2.92,6.81,7,14.14,90644.38,1193467.96,12.28,1
CL10326,Real Estate,36,Renewed,85564.0,12,5278,740,14.02,16367,17250,76.72,43528.17,2.8,5.54,9,28.35,159028.56,1527882.53,-2.62,0
CL10327,Finance,12,Renewed,74241.84,13,9936,1552,15.62,14766,19165,95.0,47633.38,3.09,8.32,4,3.6,146701.88,3075703.01,20.39,0
CL10328,Travel,12,Not Renewed,14062.93,13,4068,142,3.49,39922,16443,66.76,6426.37,2.46,7.47,8,7.8,33843.42,930461.16,-6.1,1
CL10329,Retail,24,Pending,45726.69,8,2816,84,2.98,35708,19149,59.38,34000.45,2.45,8.48,0,33.68,152449.59,2442891.66,5.16,0
CL10330,Retail,12,Renewed,7771.13,14,290,19,6.55,43502,10051,58.96,3725.73,2.42,6.19,8,7.68,28938.85,643879.27,-5.87,0
CL10331,E-commerce,12,Not Renewed,50684.56,9,1435,236,16.45,31713,16369,95.0,35562.59,3.32,5.93,9,31.07,197106.56,2580337.29,32.78,0
CL10332,E-commerce,12,Renewed,67931.23,10,8281,1264,15.26,7867,14667,95.0,52117.12,3.29,7.71,6,3.57,132199.83,2681856.29,31.58,0
CL10333,Education,12,Renewed,16257.75,8,478,63,13.18,13990,11783,85.78,8178.58,3.55,8.06,3,20.15,63485.66,1606785.63,17.0,0
CL10334,Finance,12,Pending,32444.07,16,3929,525,13.36,35862,3613,66.54,21330.53,1.96,7.12,2,9.34,82460.11,2232582.34,18.22,0
CL10335,Real Estate,12,Pending,42794.48,3,6480,892,13.77,38785,16979,81.35,32593.43,3.09,7.07,9,6.15,156654.11,1615514.44,-1.15,0
CL10336,Retail,12,Pending,92355.45,13,715,122,17.06,9719,13435,95.0,51188.32,3.34,5.22,10,27.65,204769.01,3243590.13,32.56,1
CL10337,Technology,36,Renewed,99359.23,2,2430,374,15.39,6810,11472,80.57,51186.56,2.94,6.5,5,44.63,194831.33,4300351.74,8.75,0
CL10338,Finance,12,Renewed,9266.57,9,1854,225,12.14,36807,5922,79.81,5418.42,2.73,9.4,0,3.57,24470.49,214457.0,9.35,0
CL10339,Education,18,Not Renewed,77295.75,6,563,72,12.79,30131,14937,75.48,51933.44,2.82,8.46,2,20.81,283807.83,6582506.67,3.65,0
CL10340,Education,24,Renewed,40313.79,16,9258,538,5.81,15244,12222,59.09,27417.89,1.94,8.45,1,34.25,94082.72,1845596.77,-15.74,0
CL10341,Finance,6,Renewed,42283.53,2,4367,554,12.69,20367,2172,88.0,21241.15,3.23,5.44,10,22.75,90862.99,1303743.81,20.66,0
CL10342,Education,24,Renewed,76655.17,2,3258,296,9.09,19125,8629,69.93,48524.83,2.89,5.62,8,38.91,288901.53,7489020.42,-6.47,1
CL10343,Finance,12,Renewed,92250.51,11,3724,181,4.86,6878,19039,53.26,51412.4,2.14,7.81,2,9.44,351459.35,5054377.57,-12.95,0
CL10344,Healthcare,36,Renewed,95338.22,11,5038,756,15.01,19649,6059,76.74,75013.04,3.58,7.35,1,46.1,183340.51,5465587.96,3.84,0
CL10345,Finance,12,Not Renewed,59826.65,16,5517,574,10.4,42633,9207,70.57,34426.05,2.73,7.78,3,19.1,201703.91,5236262.58,11.86,0
CL10346,Travel,12,Renewed,38926.51,18,6104,1077,17.64,11922,6093,89.41,30576.07,3.2,8.86,1,17.05,99095.48,2336232.53,16.5,0
CL10347,Finance,6,Renewed,79817.16,7,8981,617,6.87,28426,5121,65.65,49600.45,3.13,7.24,0,42.11,210895.75,1971800.66,-19.09,1
CL10348,Education,36,Renewed,28845.13,4,5703,567,9.94,38179,19391,74.65,21363.69,3.61,6.67,5,27.5,82793.45,2309509.06,-0.44,1
CL10349,Retail,18,Not Renewed,58587.03,14,2312,218,9.43,33671,19398,76.87,38317.33,2.52,6.97,9,25.27,161686.56,4103801.62,-4.19,0
CL10350,Travel,18,Pending,39064.95,17,6220,272,4.37,13680,13646,56.62,27298.0,2.26,5.74,7,35.17,115481.51,1505711.64,-1.85,0
CL10351,Education,6,Renewed,67379.95,9,5918,539,9.11,27801,10274,77.37,40976.62,2.88,6.51,9,28.25,207193.03,3445508.2,-0.8,0
CL10352,E-commerce,24,Pending,27837.9,16,482,34,7.05,37431,16238,76.82,21081.16,2.65,6.56,9,8.64,79813.24,1110193.72,3.43,0
CL10353,E-commerce,12,Not Renewed,23201.33,18,2356,117,4.97,24514,11859,61.91,14386.58,2.87,7.98,1,32.69,77221.04,2290156.18,11.84,0
CL10354,Retail,24,Not Renewed,92232.71,18,1512,104,6.88,49739,9290,61.28,58381.89,2.26,6.41,8,7.27,310576.09,8321054.54,2.49,0
CL10355,Retail,12,Not Renewed,14671.35,14,9875,604,6.12,31436,12986,65.9,9640.13,3.11,7.78,2,38.88,40918.72,1164749.59,-8.69,0
CL10356,Travel,12,Renewed,53066.0,18,6246,867,13.88,14836,16879,95.0,41536.33,3.53,5.71,7,47.52,116472.18,2952923.05,27.6,0
CL10357,Healthcare,6,Pending,25981.01,7,471,14,2.97,22700,17422,47.47,18543.99,2.66,6.01,7,18.74,83757.05,1510948.81,-18.01,1
CL10358,Retail,12,Renewed,8698.35,18,5906,713,12.07,5970,9928,77.79,5129.11,2.63,8.08,2,21.9,30188.71,377949.17,15.53,0
CL10359,E-commerce,18,Not Renewed,8421.79,17,5665,810,14.3,31359,2610,87.1,6047.92,3.0,6.9,2,3.18,27114.47,341039.39,12.17,0
CL10360,Finance,6,Pending,21646.07,15,8902,886,9.95,15453,18133,78.92,15303.14,3.27,7.35,5,1.65,67355.16,763606.98,2.06,0
CL10361,Education,24,Pending,87343.18,14,8407,1424,16.94,39544,3535,78.35,71831.7,3.19,7.85,0,44.31,208520.23,4175886.62,0.92,0
CL10362,E-commerce,12,Pending,31835.48,7,7537,1015,13.47,39007,3301,90.27,25040.72,3.11,8.38,3,7.05,103510.82,2923069.32,19.99,0
CL10363,E-commerce,18,Renewed,95293.62,4,546,77,14.1,27933,15253,90.7,67561.15,3.16,8.93,0,21.95,245899.73,7332621.15,25.29,1
CL10364,Healthcare,12,Renewed,60254.12,15,1491,83,5.57,26457,19721,61.2,35345.24,2.41,8.35,2,39.32,227623.46,3259703.52,0.32,0
CL10365,Travel,12,Not Renewed,46478.35,15,1440,209,14.51,7023,158,95.0,35408.63,3.25,6.78,8,42.8,151671.4,3540150.0,17.54,0
CL10366,Travel,18,Not Renewed,60108.44,16,3039,468,15.4,21887,11222,95.0,40878.75,2.97,7.39,4,25.41,147518.02,3117963.93,6.62,0
CL10367,Real Estate,12,Renewed,54086.35,9,6069,492,8.11,48261,3071,76.65,45654.72,2.51,7.85,4,27.56,157076.14,2946213.47,3.04,0
CL10368,Healthcare,12,Renewed,77083.74,16,9365,544,5.81,31669,9819,73.44,42319.16,3.18,5.88,10,32.48,278663.22,6310860.91,-4.11,0
CL10369,Finance,24,Renewed,31837.13,14,4913,416,8.47,46141,14117,79.19,15341.11,2.89,7.36,3,46.18,80386.84,1299854.11,20.88,0
CL10370,Travel,36,Pending,38539.79,18,3669,512,13.95,23490,8414,86.02,18420.35,3.51,7.3,2,29.33,112648.51,3241873.74,11.53,0
CL10371,Education,12,Pending,89938.96,4,5554,498,8.97,30161,9728,67.98,63498.0,2.92,7.49,4,27.3,297141.23,6988724.61,4.49,0
CL10372,Retail,12,Renewed,94913.37,7,3250,452,13.91,13919,9454,75.62,78370.36,2.99,6.3,10,1.68,331336.66,8148371.64,4.68,1
CL10373,Healthcare,24,Renewed,89793.03,6,9897,422,4.26,14957,11592,53.71,40476.25,2.14,7.92,3,4.8,195557.25,2607420.76,-4.47,0
CL10374,Retail,12,Not Renewed,44847.56,18,6514,977,15.0,2564,3445,86.62,33201.03,2.7,6.81,7,28.13,137767.08,1613087.75,20.88,1
CL10375,E-commerce,6,Pending,79134.72,3,4757,306,6.43,38583,18970,62.58,56409.29,2.43,8.17,3,45.0,300223.38,5006374.21,16.93,1
CL10376,Education,12,Renewed,50251.89,16,7047,448,6.36,11066,15457,77.69,37333.22,3.46,5.77,10,41.73,196951.53,4897553.26,5.24,1
CL10377,Education,24,Renewed,52266.29,6,8043,937,11.65,33585,661,61.51,30950.12,2.88,6.07,7,47.18,168608.18,4831216.17,5.9,0
CL10378,E-commerce,24,Renewed,24444.61,7,3762,135,3.59,32028,6361,65.84,19022.76,2.47,6.6,5,25.81,96806.46,1684554.01,2.81,1
CL10379,Healthcare,6,Renewed,61157.38,7,4582,133,2.9,6630,1837,47.62,28614.48,2.1,6.14,10,38.03,184420.98,4616324.44,-16.79,1
CL10380,E-commerce,12,Renewed,22682.91,19,4897,321,6.56,40687,9196,67.32,17061.46,2.37,6.72,4,40.5,63909.41,1172671.7,-2.43,0
CL10381,Retail,12,Pending,36498.65,19,5168,560,10.84,2542,12782,73.68,20323.5,2.3,7.56,3,31.46,109406.19,1585845.08,9.84,0
CL10382,Real Estate,24,Not Renewed,86227.87,5,5580,924,16.56,5098,11823,95.0,55249.22,3.35,8.1,3,16.92,181352.71,4400311.93,18.63,0
CL10383,Education,6,Pending,24672.2,18,8133,1270,15.62,43482,12198,86.85,19220.99,3.73,8.26,3,23.09,67561.54,1726903.16,16.13,0
CL10384,Technology,12,Pending,11760.04,15,1083,109,10.06,33386,9226,79.05,6568.5,3.56,6.03,10,41.32,32955.0,410701.6,15.15,0
CL10385,Technology,24,Renewed,11555.72,15,5707,175,3.07,33977,13489,61.94,6056.16,2.79,5.99,8,15.03,41752.42,614333.79,17.82,0
CL10386,Retail,12,Renewed,94374.53,14,8643,933,10.79,49125,8366,68.75,68187.98,2.52,6.09,3,44.42,327837.62,6191243.14,2.88,0
CL10387,Finance,24,Renewed,53157.44,8,9571,1285,13.43,29216,394,80.7,35262.41,2.49,7.13,8,11.8,166320.88,2013061.49,1.96,0
CL10388,Travel,12,Renewed,43894.15,13,2007,156,7.77,13101,11534,77.41,28784.1,3.29,5.96,9,36.23,113827.3,3236605.81,11.87,0
CL10389,E-commerce,6,Pending,82033.47,16,7024,297,4.23,36518,5430,55.06,45340.54,2.58,7.15,5,30.64,183012.54,3844973.79,-10.83,0
CL10390,E-commerce,12,Not Renewed,84403.46,20,9316,635,6.82,8561,4755,74.85,39159.16,2.75,6.86,9,36.23,214916.07,2292396.26,22.04,0
CL10391,Finance,24,Renewed,36558.15,12,8837,1278,14.46,9109,17593,83.03,22450.64,2.88,6.6,6,21.56,119951.51,1445254.6,8.64,0
CL10392,Finance,24,Renewed,70893.72,16,4274,340,7.96,35871,13560,78.65,34923.93,3.16,6.41,9,44.83,168410.54,4883201.3,9.7,1
CL10393,Retail,24,Pending,78256.67,13,9180,1385,15.09,45314,3871,95.0,63575.38,3.02,7.26,2,30.73,219084.32,5310540.14,25.98,0
CL10394,Retail,12,Renewed,67191.82,4,7365,549,7.45,17985,8663,50.97,31344.99,2.42,7.76,7,14.55,176636.71,4266997.43,-5.89,0
CL10395,Finance,24,Renewed,19401.53,18,9397,473,5.03,21305,17658,54.51,12080.56,1.98,8.0,2,31.01,67195.34,644737.21,3.78,0
CL10396,Education,12,Pending,88208.89,4,2090,193,9.23,8357,1264,66.41,41537.41,3.46,7.61,0,14.48,324051.0,8975102.64,6.33,0
CL10397,Retail,12,Renewed,56213.98,20,5696,542,9.52,12120,9575,86.06,27444.65,2.87,6.22,9,14.8,184985.22,3285740.4,33.49,0
CL10398,Real Estate,24,Renewed,31834.88,5,4098,113,2.76,8677,12488,57.38,22715.67,2.7,8.48,4,19.78,82635.43,1860435.98,-1.74,0
CL10399,Retail,6,Renewed,45396.68,4,3875,167,4.31,30611,14069,48.46,32179.19,1.86,8.54,1,41.06,126515.23,3683258.49,-1.19,0
CL10400,E-commerce,6,Pending,8569.25,17,9212,494,5.36,23542,8534,69.1,3969.46,2.68,6.54,9,24.51,18139.74,185030.29,-0.88,1
CL10401,Retail,12,Renewed,17147.35,13,4745,202,4.26,19145,19284,53.8,7724.07,2.71,7.07,5,32.91,37134.61,691078.14,7.96,0
CL10402,Education,6,Renewed,77726.94,9,2161,168,7.77,24905,7362,73.67,37427.64,3.22,6.47,9,19.42,168309.62,1530183.58,3.29,0
CL10403,Finance,12,Pending,5001.11,18,4587,801,17.46,12326,1641,95.0,3776.84,3.58,6.95,8,13.39,15000.0,284849.99,32.89,0
CL10404,E-commerce,18,Renewed,44573.75,8,4535,471,10.39,14390,2865,67.35,30480.89,2.65,7.58,0,45.87,100205.28,1357752.19,8.78,0
CL10405,Retail,12,Pending,54638.47,12,2744,336,12.24,17392,10406,79.34,25420.4,2.73,8.07,3,29.37,122497.1,3435240.28,10.57,0
CL10406,Education,24,Renewed,10190.27,19,1145,92,8.03,47098,4591,80.3,6575.16,2.61,8.0,0,44.9,21360.7,358151.33,22.68,0
CL10407,Real Estate,24,Not Renewed,97442.43,2,8051,605,7.51,9984,3183,51.23,71601.84,2.86,8.01,0,10.56,314568.57,6903268.24,-9.73,1
CL10408,Retail,12,Renewed,26481.91,4,6549,187,2.86,5995,1957,55.66,21121.46,2.47,7.42,7,7.9,105377.83,2837437.15,4.41,0
CL10409,Education,12,Renewed,33898.88,5,2781,285,10.25,28981,869,64.63,27919.61,2.74,5.66,10,41.22,127195.24,3770222.2,2.77,0
CL10410,Real Estate,12,Renewed,33874.54,14,3299,330,10.0,11767,17906,74.79,19680.3,3.27,7.58,1,33.0,65750.81,1254790.18,3.84,0
CL10411,Finance,18,Renewed,26889.58,7,6868,340,4.95,40666,3072,63.03,13561.3,2.81,9.6,0,9.77,72991.95,1315801.76,1.18,0
CL10412,Retail,12,Not Renewed,5140.01,15,9230,1324,14.34,7243,18356,95.0,2800.13,3.27,6.32,10,13.66,18713.47,180889.49,21.27,1
CL10413,Real Estate,24,Not Renewed,74287.76,6,7540,764,10.13,38439,5699,72.24,56493.51,3.07,5.22,7,38.63,161422.42,1336619.08,1.53,1
CL10414,E-commerce,12,Renewed,96850.32,17,8733,677,7.75,49273,18753,80.58,81218.07,2.77,7.45,3,22.33,357348.94,7644996.73,12.77,0
CL10415,Finance,18,Renewed,26307.88,16,2650,127,4.79,49976,5375,56.69,16746.48,1.92,8.09,2,32.52,81654.68,770837.8,-2.59,0
CL10416,E-commerce,12,Pending,67989.48,16,4325,478,11.05,27069,6671,74.76,38899.59,3.36,7.23,3,15.96,258275.87,4227546.38,-12.8,0
CL10417,Technology,12,Not Renewed,75480.15,5,696,99,14.22,29052,5172,86.41,46924.22,2.93,6.65,10,18.92,278906.79,2253383.23,19.0,0
CL10418,Healthcare,36,Renewed,85600.41,9,6154,423,6.87,46272,9731,66.74,48957.04,2.58,6.18,4,47.56,279464.23,6018263.58,7.15,0
CL10419,Retail,24,Renewed,45149.77,17,1605,95,5.92,44230,11345,63.45,24949.54,2.53,9.22,0,12.64,145363.13,2523377.98,10.53,0
CL10420,Real Estate,12,Renewed,33778.44,17,9153,969,10.59,29448,14806,74.94,23222.69,2.65,5.67,10,24.8,78349.76,845743.11,-2.93,1
CL10421,Healthcare,24,Pending,35903.04,5,6568,322,4.9,11275,5563,68.33,16382.36,3.1,7.59,0,40.69,73933.51,1073521.02,-5.81,0
CL10422,Healthcare,12,Renewed,72699.03,14,7336,941,12.83,4057,7550,79.96,40262.24,3.11,7.82,2,12.24,197071.18,4046370.98,12.15,0
CL10423,Real Estate,24,Renewed,82594.05,14,1651,196,11.87,4087,11195,72.43,59017.81,2.7,7.52,5,20.52,187526.18,4209530.32,-0.5,0
CL10424,Finance,24,Renewed,22253.33,3,6952,268,3.86,17035,1413,49.72,10299.4,1.86,9.07,0,29.91,45191.65,821195.07,-20.21,0
CL10425,Retail,12,Pending,40239.4,4,1549,47,3.03,1454,7947,58.66,19446.93,2.61,6.02,10,23.62,98816.15,2538300.38,-7.75,1
CL10426,Technology,6,Renewed,90684.32,9,6053,733,12.11,47062,17554,94.22,51450.52,2.44,8.01,1,22.6,330895.16,3465693.02,17.58,0
CL10427,E-commerce,12,Renewed,81635.88,16,8556,604,7.06,24044,9266,64.58,65400.29,2.72,6.71,6,18.04,158070.87,1558579.71,-8.42,0
CL10428,Education,18,Renewed,98561.55,12,8142,313,3.84,33955,10030,73.84,74508.04,3.31,7.19,0,28.57,246751.57,2214194.1,-1.99,0
CL10429,E-commerce,24,Pending,76653.58,10,2759,394,14.28,41769,3385,84.12,35173.46,3.09,6.46,6,30.35,207365.2,4103386.64,12.41,0
CL10430,Education,12,Renewed,42353.54,8,7609,561,7.37,15638,3195,64.27,27558.82,3.05,6.66,3,31.7,124302.04,2925709.23,-12.1,1
CL10431,E-commerce,12,Renewed,61110.59,14,7993,769,9.62,42962,16804,67.58,34214.29,2.27,5.67,9,4.31,135743.82,1475734.97,-9.91,0
CL10432,Real Estate,24,Renewed,67796.35,3,7545,466,6.18,3627,18805,60.11,48098.68,3.25,6.89,5,30.66,264556.75,5835276.3,-2.85,0
CL10433,Technology,36,Renewed,12453.3,9,2821,345,12.23,23647,655,73.43,9198.28,3.22,5.82,7,45.8,38608.83,713987.33,17.95,0
CL10434,Retail,18,Renewed,56727.21,8,9754,700,7.18,46028,5532,59.9,45106.36,2.7,7.14,8,26.43,169910.38,5050004.78,2.29,0
CL10435,Education,12,Pending,72385.48,13,9737,1704,17.5,12059,1486,81.74,46338.76,2.81,6.36,5,34.62,135981.12,3234231.99,21.5,0
CL10436,Retail,12,Pending,20895.52,20,3025,405,13.39,48064,11339,95.0,17714.8,3.04,6.29,10,27.17,61264.56,1376272.4,6.56,1
CL10437,Retail,6,Renewed,79160.01,8,9924,458,4.62,3895,10719,66.8,66652.29,2.66,6.37,8,41.17,290486.12,5969459.02,-10.01,1
CL10438,Retail,36,Not Renewed,60458.41,11,7204,645,8.95,25889,6954,73.13,48540.04,3.25,7.76,3,44.69,142800.96,4275754.34,5.78,0
CL10439,Travel,12,Renewed,95461.07,17,6340,537,8.47,1345,10296,71.12,64908.54,2.32,7.36,5,9.66,248916.92,7360498.65,10.97,0
CL10440,Finance,18,Renewed,9030.12,4,612,66,10.78,34432,16133,73.31,5501.17,2.83,7.45,7,21.53,17116.6,339568.23,10.92,0
CL10441,E-commerce,12,Renewed,30205.98,11,315,49,15.56,46222,7737,82.31,17995.35,3.29,6.86,8,19.44,117818.01,2122377.6,1.36,0
CL10442,Retail,18,Renewed,62147.62,7,7399,854,11.54,39172,13062,68.36,28267.84,3.04,8.49,2,20.05,121416.64,2205718.83,11.44,0
CL10443,E-commerce,24,Pending,33173.19,19,3253,112,3.44,14231,15040,65.27,18234.3,2.91,9.72,1,6.9,123526.4,2152266.26,-0.46,0
CL10444,Retail,24,Pending,72870.3,19,7550,956,12.66,33622,10718,81.46,53743.54,2.51,6.65,5,39.24,185211.16,3646949.01,17.74,0
CL10445,Education,12,Pending,77105.5,6,1806,47,2.6,36085,3893,55.88,53314.82,2.84,8.17,3,2.68,239546.1,3358161.78,-11.22,0
CL10446,Finance,6,Renewed,14739.02,8,1667,243,14.58,4332,7473,72.61,12035.42,2.84,7.96,0,25.83,49091.32,1393670.82,-7.02,0
CL10447,Finance,12,Renewed,53816.17,3,1228,158,12.87,32832,2613,76.02,25294.08,2.51,7.31,7,32.11,113726.67,2136362.52,14.48,0
CL10448,Real Estate,36,Renewed,53344.6,12,3610,263,7.29,12967,2427,59.35,27318.34,2.51,8.2,8,10.75,147226.95,3905072.92,-0.2,0
CL10449,Travel,24,Renewed,40081.67,14,7967,560,7.03,41525,8909,70.86,30690.44,2.09,6.35,8,43.57,103206.42,1904847.95,-5.86,1
CL10450,Real Estate,18,Renewed,93627.86,6,2465,367,14.89,13607,18649,91.29,55559.06,3.43,6.68,1,40.41,184186.22,4384071.51,13.06,1
CL10451,Real Estate,18,Renewed,83613.1,7,5683,832,14.64,12958,19792,94.27,41583.98,3.25,5.98,8,23.14,298836.66,4605492.26,25.98,0
CL10452,Real Estate,24,Renewed,71234.89,15,4997,398,7.96,29166,6552,65.75,60448.52,2.22,7.61,6,20.32,142968.24,3108951.73,2.17,0
CL10453,Real Estate,12,Renewed,72861.03,13,5818,415,7.13,43981,7742,59.48,55731.41,2.42,6.99,4,12.12,237750.4,4508739.43,0.15,0
CL10454,Real Estate,36,Pending,48863.03,5,6101,682,11.18,3081,14535,71.77,29977.29,2.55,6.27,6,35.31,122789.7,1974030.29,0.54,0
CL10455,Technology,12,Not Renewed,92494.48,7,4667,123,2.64,10082,1092,49.15,72084.55,2.07,6.51,8,7.19,212580.65,5823484.87,0.29,1
CL10456,Finance,12,Not Renewed,70986.57,11,9371,354,3.78,8918,5524,61.32,51269.45,1.77,6.39,7,32.97,232938.25,2441112.97,-3.47,1
CL10457,Real Estate,18,Pending,74253.2,19,2841,127,4.47,28591,4481,53.01,56877.2,1.79,6.83,5,40.6,230038.39,4304549.5,-27.33,0
CL10458,Retail,6,Renewed,86860.64,16,3120,168,5.38,29613,19658,51.77,67411.03,2.27,6.81,3,11.74,222020.9,2725555.12,-8.41,0
CL10459,Finance,12,Pending,31036.8,9,6356,663,10.43,19327,4882,71.8,15018.44,2.65,6.92,0,41.72,89950.56,2423557.01,9.6,0
CL10460,Finance,24,Pending,81671.74,10,328,59,17.99,14919,7560,95.0,57103.99,3.65,6.81,5,2.57,195350.24,2652138.46,23.38,0
CL10461,Healthcare,6,Renewed,23547.86,6,8462,1068,12.62,12314,19562,71.46,10660.45,2.57,6.5,2,43.9,85406.7,1873435.89,1.11,1
CL10462,Technology,18,Renewed,37807.49,11,394,14,3.55,34304,3083,63.67,17670.56,2.43,7.54,5,6.56,93606.24,1089801.04,-16.56,0
CL10463,Real Estate,12,Not Renewed,36882.99,7,4384,467,10.65,10524,14282,76.63,29933.94,2.73,7.02,5,31.35,89172.72,1507741.33,2.94,1
CL10464,E-commerce,12,Renewed,97959.92,17,8717,889,10.2,44200,2623,87.28,64754.0,3.07,8.38,3,12.75,337384.46,9374516.8,11.15,0
CL10465,Education,12,Renewed,86371.04,4,6901,327,4.74,7935,9777,52.63,64291.22,2.4,7.88,1,40.32,166094.48,1935568.37,-13.93,0
CL10466,Travel,12,Renewed,71611.14,11,1018,171,16.8,2048,10392,79.6,56243.42,2.83,6.09,8,25.08,176104.31,3978250.63,15.12,0
CL10467,Retail,24,Renewed,74070.39,12,598,56,9.36,5565,15189,76.79,61466.18,3.11,8.52,1,7.36,199678.12,2495822.38,5.59,0
CL10468,E-commerce,12,Renewed,58396.92,12,2909,521,17.91,23380,4681,95.0,46585.63,4.12,8.24,2,27.84,219113.13,3757018.72,32.05,0
CL10469,Technology,18,Renewed,94973.61,18,5061,456,9.01,3907,12007,75.24,61098.86,2.58,6.19,9,20.17,366290.32,7286822.65,5.36,0
CL10470,Education,12,Renewed,52144.58,5,9117,1087,11.92,33907,5709,69.22,30472.67,2.88,7.83,0,32.09,174720.88,3616851.72,12.68,0
CL10471,Technology,24,Renewed,41149.18,5,3879,160,4.12,33440,18485,62.48,21060.04,2.6,5.9,6,42.45,117779.9,2503441.15,-0.05,0
CL10472,Retail,36,Not Renewed,20488.36,18,2218,212,9.56,6166,17871,70.77,12500.53,3.14,7.85,0,20.24,65518.44,1446836.58,6.15,0
CL10473,Finance,24,Renewed,79689.54,10,6491,402,6.19,37622,11475,65.39,47542.57,2.72,6.61,10,14.62,216640.12,3028393.03,-5.19,0
CL10474,Education,12,Renewed,74772.17,20,245,38,15.51,25592,17514,87.56,50383.73,2.89,7.0,8,1.68,186630.72,3141010.82,4.99,0
CL10475,Finance,6,Renewed,41513.73,6,8042,1178,14.65,10609,10057,86.21,29732.29,2.71,6.98,10,28.02,160886.29,1419179.67,14.26,0
CL10476,Retail,12,Not Renewed,7393.37,7,4665,713,15.28,36154,13055,77.28,6220.27,3.13,5.73,10,19.91,15915.35,396493.6,22.09,1
CL10477,E-commerce,18,Renewed,84704.75,4,292,40,13.7,35432,1320,84.15,62796.25,2.69,8.75,0,18.61,221313.62,5846262.42,9.74,0
CL10478,Retail,6,Renewed,6084.71,2,5287,815,15.42,27005,13263,88.85,4304.93,3.59,7.89,4,9.6,22908.7,283683.22,11.76,1
CL10479,E-commerce,12,Not Renewed,71851.48,17,6737,378,5.61,37213,13389,65.79,41963.92,2.86,6.9,6,21.21,241751.94,3005403.84,-0.82,1
CL10480,Education,18,Not Renewed,97174.43,12,8343,793,9.5,43669,12637,84.46,45069.65,3.11,6.94,2,47.27,182402.57,1627906.61,27.77,1
CL10481,Education,12,Renewed,46577.83,14,2510,332,13.23,8246,9910,84.43,26328.12,2.62,7.0,8,14.99,88023.8,2583361.57,19.9,0
CL10482,Real Estate,24,Pending,27322.47,11,1920,238,12.4,12475,9555,86.28,20693.47,3.35,6.83,7,29.19,81257.6,2093041.75,24.61,1
CL10483,Technology,12,Renewed,71962.75,4,3064,417,13.61,41022,9163,81.07,38292.01,3.57,7.53,2,37.49,205090.86,3268219.34,-4.59,1
CL10484,Real Estate,6,Renewed,82627.17,10,2621,157,5.99,16096,934,69.28,60720.66,2.59,7.25,4,36.21,232512.94,4325201.52,-3.6,0
CL10485,Technology,24,Renewed,56910.88,13,2668,107,4.01,38453,1824,48.84,38808.21,2.03,7.09,6,16.45,142584.51,2056535.33,-17.63,0
CL10486,Real Estate,12,Renewed,96868.35,15,5982,1000,16.72,34361,2513,92.28,50249.75,3.22,6.49,3,29.71,377944.17,7989500.63,28.18,0
CL10487,Finance,24,Pending,9908.53,2,1967,220,11.18,4380,9605,65.76,5495.77,2.82,6.92,4,41.95,23877.93,567835.92,5.81,0
CL10488,Education,12,Renewed,52955.58,19,7565,369,4.88,43954,4598,64.83,34342.83,2.45,8.17,2,1.73,153105.96,2731732.85,8.33,0
CL10489,E-commerce,12,Renewed,73253.12,18,7702,1140,14.8,44039,2205,90.99,45222.8,3.54,7.57,8,21.48,198121.34,5392679.07,3.19,1
CL10490,Technology,24,Pending,86950.84,10,3299,550,16.67,43948,2668,95.0,66206.59,3.98,6.88,9,11.54,195455.07,3786857.73,29.88,0
CL10491,Retail,24,Pending,22029.28,10,6203,318,5.13,3285,9430,64.75,16384.54,2.75,6.67,8,19.27,50919.36,568951.13,5.1,0
CL10492,Technology,24,Renewed,81000.33,11,340,52,15.29,22949,16693,84.72,55066.44,2.97,7.22,6,20.55,307671.1,6673512.39,6.41,0
CL10493,E-commerce,12,Renewed,57507.17,20,3540,601,16.98,15299,5011,89.17,44792.9,3.34,5.36,9,36.09,212610.61,3862939.45,15.34,1
CL10494,Real Estate,18,Renewed,42672.6,16,4731,806,17.04,49548,18704,76.8,28806.9,3.32,8.11,1,5.41,97581.99,2789359.81,1.11,0
CL10495,Technology,12,Pending,17512.93,6,9699,1617,16.67,39807,16717,89.26,14636.53,3.24,6.67,6,25.09,65635.49,1090971.21,16.21,0
CL10496,Travel,6,Pending,87203.1,16,8374,919,10.97,49284,892,85.99,46818.44,3.28,7.01,6,27.52,198257.41,3343223.88,18.29,0
CL10497,Finance,36,Not Renewed,19940.95,3,5177,415,8.02,47998,14295,66.86,14669.62,2.93,5.76,10,24.23,63804.27,1423920.82,12.54,1
CL10498,Education,12,Renewed,34429.85,14,3868,101,2.61,43833,14001,55.83,20588.28,2.13,6.76,4,35.4,69554.62,1362832.14,-13.93,0
CL10499,E-commerce,36,Renewed,32554.33,17,9242,318,3.44,41328,15862,60.55,18282.07,2.71,5.98,8,19.04,120098.55,1950147.92,-6.87,0
CL10500,Education,12,Renewed,87784.33,16,8095,740,9.14,4490,19594,70.74,45837.03,2.3,5.48,10,45.41,170186.55,5067310.85,-4.81,0
CL10501,Travel,12,Renewed,68906.78,11,8902,774,8.69,19573,18650,71.94,46236.55,2.57,7.86,2,23.64,209003.25,3061496.58,10.99,0
CL10502,Technology,18,Renewed,80684.73,15,6529,350,5.36,37363,8626,60.82,43262.17,2.95,7.68,3,27.85,280092.29,3950879.17,-15.53,0
CL10503,Technology,24,Not Renewed,28794.45,11,3705,320,8.64,15049,15998,64.16,15265.1,2.93,7.42,0,39.8,59831.64,1616495.82,0.83,0
CL10504,Retail,24,Renewed,64363.04,15,2273,118,5.19,18759,1314,62.7,54464.83,2.5,7.56,5,13.94,177703.89,1434817.59,-11.42,0
CL10505,Travel,24,Renewed,59315.87,10,9814,1537,15.66,20290,15446,86.97,45714.68,3.73,7.45,3,4.53,117491.1,1460128.82,15.75,0
CL10506,E-commerce,24,Pending,84118.89,15,6668,475,7.12,10479,312,81.18,63031.19,2.55,7.82,0,34.27,279367.93,5863884.56,20.57,0
CL10507,Retail,24,Renewed,91078.27,4,2701,318,11.77,20816,1758,70.19,69913.89,2.69,8.15,1,23.7,231115.68,2674912.45,-0.46,0
CL10508,Finance,24,Pending,6154.89,17,2757,284,10.3,26683,12370,75.58,5155.15,2.98,7.14,2,43.14,18982.43,563544.43,9.17,1
CL10509,Retail,12,Renewed,69031.89,3,6180,204,3.3,28824,14129,52.5,46894.1,1.38,5.0,8,47.19,264293.11,4813386.38,-15.9,1
CL10510,Healthcare,12,Renewed,9924.4,11,7425,1270,17.1,25124,5124,88.47,5340.3,3.11,5.97,7,19.76,24581.02,519692.16,15.53,0
CL10511,E-commerce,12,Renewed,57141.57,4,2259,241,10.67,38676,13139,76.67,45420.91,2.51,7.09,6,20.53,114331.06,1318033.18,-4.29,0
CL10512,Healthcare,36,Renewed,32325.11,12,3930,296,7.53,20745,5241,83.69,24149.84,2.67,6.41,10,20.17,106853.61,1535092.96,18.74,0
CL10513,Travel,36,Not Renewed,34143.78,12,8413,417,4.96,47205,18278,59.35,21023.12,2.42,7.92,3,16.25,119718.24,2576545.46,-7.28,1
CL10514,Real Estate,6,Renewed,38531.06,14,4468,346,7.74,24290,6088,72.86,24637.83,2.18,8.19,0,37.74,149168.41,2996819.34,3.83,0
CL10515,Healthcare,24,Renewed,64022.78,8,1417,40,2.82,27256,13877,41.46,39342.06,1.84,6.19,7,36.67,139890.23,3533068.6,-15.92,0
CL10516,Finance,36,Renewed,36734.75,18,4593,374,8.14,3333,5678,68.9,30195.11,2.1,7.96,3,23.5,100248.69,1395775.54,-13.0,0
CL10517,Retail,12,Renewed,74606.41,3,1330,143,10.75,5785,15151,83.81,43824.75,3.11,8.47,2,3.1,270041.49,6042968.81,7.63,0
CL10518,Real Estate,18,Not Renewed,43430.1,13,1233,197,15.98,10089,3945,89.12,36281.23,3.22,6.3,8,15.55,156490.74,2253695.31,17.97,1
CL10519,Retail,36,Renewed,11493.55,11,7707,1014,13.16,47976,11982,85.27,9357.0,2.97,6.73,9,14.74,36958.64,772751.85,12.91,0
CL10520,Healthcare,6,Pending,79457.19,19,1401,59,4.21,14616,14347,57.82,55795.51,2.83,7.32,3,39.12,193972.96,4133695.93,12.39,0
CL10521,Retail,24,Not Renewed,32147.04,12,2010,96,4.78,8145,11584,62.95,21921.99,2.5,8.93,3,5.12,79305.34,847017.55,8.63,0
CL10522,Travel,12,Renewed,46112.85,17,8182,748,9.14,45286,478,85.23,27577.13,3.09,6.83,8,38.87,97294.2,1952687.63,15.28,0
CL10523,Real Estate,36,Not Renewed,70117.17,18,8207,454,5.53,29650,3393,57.0,32067.06,2.15,5.74,10,32.45,262955.27,2172705.42,-13.78,0
CL10524,Travel,36,Renewed,36583.33,20,9797,287,2.93,11389,19813,74.63,18330.05,2.05,7.46,1,35.42,80059.64,1523265.67,2.78,1
CL10525,Healthcare,36,Renewed,10375.64,19,8070,1209,14.98,30786,11730,78.28,7799.29,2.89,8.24,4,21.31,32070.95,748711.77,14.56,0
CL10526,Travel,12,Renewed,40522.5,4,2016,57,2.83,38045,13760,50.08,25878.32,2.22,7.62,3,32.95,125084.53,1201101.69,-9.83,0
CL10527,Finance,24,Pending,94722.62,17,7096,1091,15.37,16494,16708,83.52,48302.4,3.65,6.2,8,29.62,246625.05,7066211.64,23.17,0
CL10528,Healthcare,24,Not Renewed,65964.77,7,2857,135,4.73,36003,837,57.37,36648.99,2.71,5.9,4,37.14,170135.33,3078194.16,-4.79,1
CL10529,Healthcare,12,Renewed,68790.52,13,6564,1156,17.61,46879,16719,87.63,57036.61,3.0,6.07,8,22.0,227787.38,6525005.51,16.77,0
CL10530,Healthcare,24,Pending,65066.8,12,278,33,11.87,25162,12570,72.4,38835.32,2.86,5.57,10,23.22,173379.51,1796691.17,18.17,1
CL10531,E-commerce,6,Renewed,23904.25,16,9188,1276,13.89,39636,17195,77.02,19435.89,3.23,6.18,8,31.25,58302.72,1684823.67,-0.36,0
CL10532,Retail,18,Renewed,44741.72,16,6462,272,4.21,27139,16217,65.63,25585.75,2.84,8.77,1,6.08,119958.82,1247851.97,14.31,0
CL10533,E-commerce,12,Renewed,76339.28,17,9843,1561,15.86,17705,14879,88.93,50940.29,3.76,6.93,8,21.5,271990.17,4937412.41,22.91,0
CL10534,E-commerce,12,Not Renewed,14630.43,11,8783,1362,15.51,33430,18372,84.13,6703.53,2.79,8.02,2,46.68,56241.6,1610524.64,35.0,0
CL10535,Finance,6,Renewed,31396.01,13,160,20,12.5,8277,17743,82.78,20682.12,3.38,8.58,3,2.76,100472.98,1318163.34,6.83,0
CL10536,Real Estate,24,Renewed,31250.32,14,9369,964,10.29,28815,7371,65.16,22024.5,2.5,7.69,0,15.85,109957.59,963807.92,13.15,0
CL10537,Retail,12,Renewed,46041.8,5,6781,928,13.69,48117,17232,83.12,25033.94,3.11,8.97,0,15.76,136047.2,3462188.31,13.75,0
CL10538,Travel,24,Renewed,98135.03,8,2995,78,2.6,27473,12278,53.64,66886.37,2.2,8.98,0,30.77,312316.92,6592835.29,-9.44,1
CL10539,Technology,6,Renewed,11412.74,3,685,80,11.68,18816,14590,74.81,8090.12,2.81,7.82,8,5.97,45105.42,870817.25,9.31,1
CL10540,Healthcare,12,Renewed,54276.59,16,5923,926,15.63,27804,13963,93.31,39337.2,3.35,5.17,10,30.54,152075.85,1331508.39,20.82,0
CL10541,Travel,18,Not Renewed,22039.64,9,634,51,8.04,36803,1923,79.75,16762.5,3.18,7.02,7,5.47,44724.5,1000535.72,4.09,0
CL10542,Healthcare,24,Renewed,97214.27,8,3562,149,4.18,31022,6952,60.51,55853.07,2.57,8.31,4,5.46,374600.46,4411187.78,-4.2,0
CL10543,Finance,12,Renewed,15763.83,16,4111,371,9.02,22840,13172,71.75,10673.86,1.92,6.4,4,35.22,55720.53,1587273.24,7.18,0
CL10544,Healthcare,24,Renewed,43342.1,15,3498,482,13.78,20330,11233,76.42,36521.42,2.87,5.69,8,16.23,119065.5,2748745.29,4.59,1
CL10545,E-commerce,24,Not Renewed,75099.07,9,2255,94,4.17,13903,15211,41.84,60774.5,2.64,7.36,2,46.94,297793.65,7014453.65,-11.89,0
CL10546,Retail,18,Pending,71932.67,13,6066,345,5.69,15016,6619,64.67,59780.81,2.61,7.92,2,2.76,189426.89,2484668.19,-2.6,0
CL10547,Technology,12,Renewed,45159.22,14,7429,356,4.79,19591,1877,53.06,27296.7,2.9,6.03,6,21.92,118884.63,3254655.11,-4.69,1
CL10548,Education,6,Pending,37919.8,12,7057,1048,14.85,8459,17706,68.54,28999.97,2.68,7.56,8,6.32,120267.52,2384918.94,5.18,0
CL10549,Healthcare,24,Renewed,42773.18,18,9296,323,3.47,32432,14872,57.52,29853.93,1.93,7.35,5,17.51,104820.78,2815051.34,-1.63,0
CL10550,Travel,6,Renewed,30106.25,18,5425,713,13.14,31054,13721,85.83,14544.15,2.96,7.1,1,47.92,98982.53,1381879.7,3.79,0
CL10551,E-commerce,24,Renewed,24506.63,5,8618,705,8.18,37201,11959,72.41,19105.18,2.61,7.2,0,42.78,54303.84,1336969.1,13.96,0
CL10552,Education,18,Renewed,50888.77,9,4803,683,14.22,3885,18261,91.13,36682.69,3.14,8.59,1,3.27,107225.86,2213192.35,11.36,0
CL10553,Technology,36,Renewed,30510.71,6,2806,490,17.46,34190,9596,95.0,16157.46,2.9,8.4,0,27.47,90178.54,817488.73,19.51,0
CL10554,Education,24,Not Renewed,32308.86,17,101,5,4.95,10867,7590,69.64,15569.49,2.74,6.21,9,31.45,96506.91,1632658.65,-1.92,0
CL10555,E-commerce,36,Not Renewed,67391.83,5,9325,688,7.38,47005,8993,54.92,52889.7,2.31,5.71,9,10.85,142882.66,1721168.84,-6.49,1
CL10556,Retail,12,Pending,97011.05,16,8416,1267,15.05,33832,3089,87.18,46716.71,3.59,7.11,8,7.82,373023.04,5931744.84,14.64,0
CL10557,Retail,24,Renewed,62345.53,13,1204,80,6.64,20142,8443,70.21,30333.69,2.34,6.11,9,43.51,188628.73,3099874.74,8.86,0
CL10558,Real Estate,12,Renewed,12313.05,6,1961,114,5.81,11289,17809,61.95,7645.95,2.66,5.91,7,46.53,26749.05,493477.81,-1.78,0
CL10559,Retail,12,Pending,12180.44,17,5369,821,15.29,35768,12014,88.09,6137.96,3.3,6.86,6,47.62,30207.6,640594.14,13.03,0
CL10560,Real Estate,24,Renewed,95385.21,15,7043,1254,17.8,21450,9098,94.95,77783.57,3.58,6.94,2,38.12,341894.82,7029873.2,6.59,0
CL10561,Education,24,Renewed,33242.63,11,8420,937,11.13,26063,2822,78.39,21212.57,2.81,7.17,7,32.18,98342.16,871096.26,16.45,0
CL10562,Finance,36,Renewed,13746.36,8,537,37,6.89,40149,4756,64.49,9315.36,2.71,8.22,1,17.25,31129.0,763132.5,3.78,0
CL10563,Travel,24,Pending,61909.24,14,4946,429,8.67,36904,17809,65.65,50842.5,2.78,8.08,1,9.06,131327.67,3793011.73,7.86,0
CL10564,Travel,12,Renewed,64246.63,6,3229,166,5.14,33491,4233,48.03,42538.03,1.69,6.31,10,4.71,177972.97,2789012.34,-13.36,1
CL10565,Education,12,Renewed,66607.96,4,9513,1361,14.31,39565,19353,80.75,39394.38,2.88,6.53,9,33.58,170278.59,2035583.8,13.88,1
CL10566,Healthcare,24,Pending,30403.19,16,8181,1185,14.48,48163,1342,87.2,23375.86,3.13,7.54,2,37.88,99407.55,1976225.51,10.31,0
CL10567,Healthcare,12,Renewed,6435.52,5,1001,161,16.08,850,8639,87.28,4035.97,3.17,6.84,6,39.84,24453.71,574859.88,9.64,1
CL10568,Retail,12,Renewed,96676.46,16,5498,160,2.91,18812,1931,64.55,55819.81,2.66,8.29,0,43.95,228599.28,5243131.98,-2.58,0
CL10569,Travel,12,Renewed,28834.84,15,6778,760,11.21,24627,18053,86.19,21317.36,3.27,5.91,7,42.36,106135.69,2278352.31,22.21,0
CL10570,Travel,12,Renewed,69222.5,20,5629,328,5.83,29353,7346,65.85,53345.78,3.34,6.35,6,47.99,264819.72,2970511.81,-1.6,1
CL10571,Real Estate,12,Pending,72129.84,14,6704,522,7.79,38000,18402,68.7,55300.97,2.52,7.7,3,12.47,273074.71,7211943.42,2.16,0
CL10572,Finance,12,Renewed,62950.7,11,4018,589,14.66,34285,3332,89.51,52945.93,3.32,7.56,4,36.88,246113.93,4273442.14,19.1,0
CL10573,E-commerce,6,Renewed,34726.2,6,1167,64,5.48,19110,3858,63.79,26553.97,3.07,5.9,9,28.56,127083.82,1635862.18,-0.64,1
CL10574,Healthcare,6,Not Renewed,30754.14,7,126,16,12.7,24090,6097,76.1,23310.82,2.26,8.49,0,13.28,96439.26,954541.82,15.88,0
CL10575,Travel,36,Not Renewed,61778.49,5,7037,890,12.65,29943,18839,82.99,48989.98,3.14,8.22,3,47.15,170442.24,2926121.79,6.61,1
CL10576,Real Estate,12,Not Renewed,87279.09,3,7364,1273,17.29,48497,11072,88.25,39282.06,2.57,8.43,0,43.2,248314.5,5362452.7,17.07,0
CL10577,Technology,12,Renewed,94939.7,17,7218,1048,14.52,7670,15468,86.37,56486.52,3.88,8.05,0,7.04,349494.75,7911970.35,18.75,0
CL10578,Real Estate,24,Renewed,15061.05,19,647,97,14.99,13803,1924,92.16,11221.1,3.43,7.26,9,2.23,37941.75,1107148.31,5.87,0
CL10579,Healthcare,12,Not Renewed,19708.72,6,8858,951,10.74,6707,10783,71.84,13596.8,2.93,8.35,0,33.35,43495.6,494512.69,6.92,0
CL10580,Healthcare,36,Pending,94749.94,5,8995,485,5.39,12816,4160,60.89,49367.45,1.9,6.14,6,29.39,201436.25,5980042.11,7.86,1
CL10581,Real Estate,24,Renewed,74970.85,14,5438,495,9.1,35687,504,74.73,42845.33,2.68,6.29,6,44.98,268362.8,6012096.75,4.01,0
CL10582,E-commerce,6,Renewed,88884.41,20,3240,357,11.02,6740,18205,85.27,51972.23,2.92,7.32,3,12.0,306233.39,5510069.41,5.51,0
CL10583,Education,12,Renewed,24250.1,3,8096,1054,13.02,2393,11117,83.84,16420.5,3.68,7.14,1,4.97,70672.99,1946353.44,16.92,0
CL10584,Healthcare,24,Not Renewed,60820.66,14,1690,201,11.89,14253,3945,81.49,47600.64,3.27,7.95,2,13.18,150402.79,3501159.52,12.98,1
CL10585,Real Estate,36,Renewed,71608.26,12,7876,678,8.61,38590,11484,52.46,58933.36,1.79,6.93,7,1.89,238365.05,3735604.32,3.4,1
CL10586,Travel,12,Renewed,69610.63,5,5043,333,6.6,11732,16548,64.95,52210.55,2.81,6.59,7,2.69,137008.95,3760879.97,3.47,0
CL10587,Real Estate,18,Renewed,43774.41,16,9097,465,5.11,18009,9591,66.16,34458.35,2.14,5.49,10,44.0,135266.14,3065880.11,-6.74,1
CL10588,Finance,12,Pending,6462.51,5,7898,1047,13.26,3617,13212,84.11,4123.33,2.5,5.0,10,17.54,17424.24,407281.54,5.47,1
CL10589,Education,36,Not Renewed,60377.98,10,3891,487,12.52,37429,11885,73.11,36583.63,2.98,7.21,5,20.31,235774.97,6535818.34,12.56,1
CL10590,Technology,12,Renewed,29044.65,8,1457,192,13.18,48791,1068,65.9,17632.53,2.93,6.78,9,1.86,84742.05,1513929.99,3.49,1
CL10591,E-commerce,36,Pending,47774.15,20,8192,678,8.28,4542,468,78.34,33270.65,3.1,7.07,8,13.71,144940.37,3254185.29,8.87,1
CL10592,Retail,24,Not Renewed,95970.2,20,3325,218,6.56,37701,8524,59.83,47955.8,3.19,4.75,10,38.82,318706.02,7771059.39,-2.24,1
CL10593,Technology,18,Renewed,42908.36,7,2560,365,14.26,27246,2342,91.66,29254.82,3.37,7.47,8,29.93,123918.5,2228882.56,22.2,1
CL10594,Education,18,Renewed,84781.15,7,8837,1281,14.5,14516,3183,79.65,60707.81,3.03,8.19,3,36.43,199287.2,1960178.25,13.24,0
CL10595,Education,12,Renewed,22911.36,16,2828,270,9.55,25522,13422,67.28,14332.51,2.27,7.82,0,22.02,68382.95,1707636.8,-10.45,0
CL10596,Education,12,Pending,68883.75,16,6826,818,11.98,35926,1569,83.0,57260.78,3.34,9.21,0,15.56,268011.61,2426030.31,22.33,0
CL10597,Technology,12,Renewed,97815.66,10,7581,628,8.28,28438,4825,73.51,67814.16,2.26,6.7,9,23.69,267441.16,6363526.21,16.23,0
CL10598,Travel,12,Pending,14679.84,5,6530,874,13.38,44178,4359,84.1,7897.75,3.78,7.27,4,16.18,47881.91,1342573.06,27.85,0
CL10599,Education,24,Pending,5790.39,19,3214,497,15.46,36212,3722,93.81,3715.62,3.59,7.24,1,40.43,22665.29,354333.69,32.91,0
CL10600,Real Estate,12,Renewed,46190.37,19,716,94,13.13,40478,10392,79.52,33264.54,3.94,7.03,5,14.99,167342.04,1714479.32,21.54,0
CL10601,Technology,6,Not Renewed,13799.42,6,3744,391,10.44,9287,17307,62.51,7996.1,2.73,8.23,6,32.01,44556.05,584709.39,-4.03,1
CL10602,Retail,36,Renewed,76096.51,12,6513,626,9.61,2486,3531,70.5,36667.61,3.09,9.36,0,7.44,256145.17,5217726.91,6.26,0
CL10603,Education,24,Renewed,91882.12,6,1303,162,12.43,11442,4251,70.16,62789.88,2.66,6.76,5,33.28,352593.81,10133022.27,12.95,0
CL10604,Real Estate,36,Pending,46231.99,5,2665,347,13.02,17958,4313,82.33,38333.17,3.01,6.1,7,43.93,181357.3,3494795.08,-2.28,0
CL10605,Travel,36,Pending,29577.61,13,3274,365,11.15,12661,15335,83.54,19048.83,2.69,7.65,4,29.6,115229.64,1207632.02,11.23,0
CL10606,Finance,12,Renewed,46268.32,3,3181,388,12.2,21189,9089,77.76,37590.4,2.42,7.24,6,27.31,148843.26,3246454.55,-4.71,1
CL10607,Travel,12,Not Renewed,73727.54,14,2730,109,3.99,29663,879,59.87,57803.09,2.6,5.14,9,46.17,199351.66,4808878.08,-1.35,1
CL10608,Retail,24,Not Renewed,5860.15,11,3261,563,17.26,36275,15451,89.83,2982.61,3.18,7.1,5,30.49,15000.0,249783.61,27.51,0
CL10609,Education,24,Renewed,60998.13,10,4421,652,14.75,34237,11142,92.24,44727.97,2.87,7.51,3,13.2,164266.0,3921573.04,19.22,0
CL10610,Retail,12,Not Renewed,63262.71,11,8961,743,8.29,9272,19376,56.76,39487.71,2.15,7.2,6,14.74,242691.76,3675834.14,-10.32,0
CL10611,Technology,24,Renewed,65580.38,8,6369,715,11.23,36092,5634,67.43,36075.67,2.71,5.94,9,34.15,243047.35,6163676.75,3.97,1
CL10612,Healthcare,12,Renewed,27992.1,5,7199,233,3.24,1711,3406,67.64,20287.98,2.32,6.71,8,35.57,83441.07,1293635.93,5.15,1
CL10613,Education,12,Renewed,72835.01,20,7476,235,3.14,729,3002,51.07,54412.43,2.46,6.29,9,15.26,219559.78,2993556.21,-5.89,1
CL10614,Healthcare,18,Not Renewed,13682.19,11,4178,267,6.39,49042,13491,68.54,7141.54,2.35,6.45,9,17.23,33921.19,927472.87,-7.24,1
CL10615,Real Estate,18,Pending,23930.68,4,5901,778,13.18,14845,3818,84.51,19522.12,3.17,5.26,6,47.58,68403.72,1372617.45,15.6,0
CL10616,Finance,18,Renewed,88359.65,20,4251,668,15.71,36453,121,77.79,66310.29,2.53,7.95,4,5.79,299358.66,4272877.38,10.43,0
CL10617,E-commerce,6,Renewed,75178.7,3,9011,1006,11.16,32319,1600,61.81,61898.4,2.17,6.55,6,20.02,206812.25,5909021.32,5.35,0
CL10618,Retail,24,Renewed,6305.83,11,2700,290,10.74,48279,9134,84.55,3637.39,2.25,7.43,2,3.94,15000.0,347980.89,13.08,1
CL10619,Travel,12,Renewed,28595.74,3,6275,548,8.73,17385,15899,61.06,23612.47,2.5,8.21,1,39.59,86995.06,1118357.06,13.04,0
CL10620,Finance,12,Not Renewed,25368.62,3,766,38,4.96,27208,3741,51.83,15155.39,2.86,6.44,10,5.34,58920.12,1268086.59,-8.56,1
CL10621,Education,24,Pending,30726.6,18,383,17,4.44,548,291,58.75,14490.29,2.99,5.96,4,32.68,118724.53,3223120.99,-8.2,0
CL10622,Healthcare,36,Renewed,28518.18,17,5940,849,14.29,20450,13406,79.88,21536.58,3.09,7.62,3,3.65,77241.8,1800921.08,2.39,0
CL10623,Travel,24,Not Renewed,10940.0,17,3665,619,16.89,15673,13514,95.0,8001.55,2.61,7.11,4,32.62,41497.03,555425.35,16.89,0
CL10624,Healthcare,24,Renewed,48599.35,15,4693,451,9.61,34237,8687,66.0,33492.94,2.96,6.26,7,40.62,114011.86,2539575.79,-5.69,1
CL10625,Technology,24,Not Renewed,74609.68,8,1565,199,12.72,28536,4762,65.84,48194.68,2.74,7.37,3,19.74,168530.46,3643882.39,-0.66,1
CL10626,Healthcare,18,Pending,62639.51,12,8421,1404,16.67,47821,4426,95.0,28993.71,3.17,4.55,8,25.54,194884.6,5078412.16,34.49,1
CL10627,Technology,6,Pending,68922.81,2,4834,188,3.89,6320,9165,47.49,48234.86,2.68,6.68,6,19.87,242033.18,2884773.42,-23.93,1
CL10628,Real Estate,12,Renewed,12709.17,12,6357,918,14.44,14792,10571,80.04,7838.18,3.19,7.03,9,15.12,38691.66,905073.87,-0.58,0
CL10629,Travel,12,Not Renewed,95391.62,5,7466,900,12.05,3552,12741,82.68,64301.94,3.72,7.28,6,38.75,224274.46,1929243.72,10.5,0
CL10630,Travel,12,Renewed,84656.72,8,3772,444,11.77,44877,9296,77.72,52633.5,2.44,6.58,7,13.78,163811.63,3819408.48,-2.0,0
CL10631,E-commerce,24,Renewed,81483.58,16,7482,526,7.03,24281,12826,75.96,68154.7,2.42,7.86,5,34.98,261359.57,7613305.14,-0.18,0
CL10632,Education,12,Renewed,83183.46,19,6687,876,13.1,2802,15751,90.32,57533.3,2.8,6.1,7,10.69,178685.48,2115018.16,20.44,0
CL10633,Technology,6,Renewed,93607.5,13,1092,162,14.84,2783,8636,83.48,70177.03,2.96,7.6,2,12.74,244137.16,3625093.81,12.52,0
CL10634,E-commerce,12,Renewed,56704.13,18,6958,296,4.25,48653,19195,69.08,46754.75,3.29,6.89,9,16.81,188557.26,3926360.74,6.36,0
CL10635,Healthcare,24,Pending,24026.79,2,2221,239,10.76,43067,13044,73.77,16497.75,2.62,6.51,9,28.69,49915.88,1203606.19,10.87,0
CL10636,Healthcare,6,Not Renewed,63594.44,12,2323,95,4.09,16120,6373,55.24,28924.34,2.22,8.24,0,22.36,132335.85,2061285.77,3.91,0
CL10637,E-commerce,24,Renewed,75573.74,2,4622,741,16.03,30961,6384,87.81,35044.8,3.3,6.18,5,36.02,147023.28,3324739.98,19.0,0
CL10638,Travel,12,Pending,75102.15,16,3288,341,10.37,21250,8917,67.36,54894.82,2.99,7.91,0,11.04,298493.5,8293383.23,11.29,0
CL10639,Healthcare,12,Renewed,54537.66,11,3337,501,15.01,33390,18162,92.21,30630.21,2.47,6.6,8,1.5,144703.12,3470602.07,19.9,1
CL10640,Retail,18,Not Renewed,11503.58,8,4236,348,8.22,23683,8514,73.28,7842.59,3.19,7.05,1,37.5,43398.5,1026049.03,8.92,0
CL10641,Real Estate,24,Pending,40255.73,3,443,20,4.51,9972,17227,58.17,21372.2,2.26,5.68,10,39.62,98596.65,1617315.8,-1.76,0
CL10642,Real Estate,12,Renewed,92472.83,11,4804,151,3.14,4227,16946,43.27,51609.04,2.13,8.43,1,3.8,316372.69,8874711.05,-12.93,0
CL10643,Retail,24,Pending,60522.65,5,4923,338,6.87,47000,18052,72.01,39452.08,3.3,6.1,6,29.71,140594.36,1982535.79,6.55,0
CL10644,E-commerce,18,Renewed,56141.53,13,5020,316,6.29,26023,11639,68.33,47171.67,2.64,7.92,1,18.78,165984.61,2077491.24,16.9,0
CL10645,Retail,12,Renewed,30541.08,20,3301,369,11.18,31266,14093,79.79,21272.11,2.44,4.41,9,38.31,110125.64,1763433.78,15.94,0
CL10646,Technology,24,Not Renewed,40002.65,12,5571,158,2.84,38226,13551,55.04,32980.55,1.91,6.39,7,42.1,144826.27,3230123.57,-10.55,1
CL10647,Technology,24,Renewed,90057.88,9,988,104,10.53,1024,14792,70.72,75085.93,2.76,7.07,5,41.0,322085.48,8682431.13,22.75,0
CL10648,E-commerce,24,Renewed,68313.99,19,9633,826,8.57,9579,18220,70.66,36428.03,2.65,6.04,6,37.53,243413.22,2654599.64,0.95,0
CL10649,Retail,24,Renewed,79801.77,12,7227,827,11.44,8899,13434,83.18,45844.32,3.07,6.71,6,13.65,182563.4,4729058.03,12.68,0
CL10650,Technology,24,Not Renewed,48162.82,12,3820,511,13.38,27870,8003,79.03,36507.27,2.82,6.86,5,39.16,139775.89,3617695.61,3.18,1
CL10651,Travel,24,Renewed,64873.49,14,2983,368,12.34,17032,15729,78.83,51685.07,3.39,6.23,9,26.07,189262.34,3957896.8,15.42,0
CL10652,Retail,24,Renewed,28596.44,4,4312,766,17.76,17321,17840,89.91,18807.61,3.21,6.94,10,3.48,106792.77,2641439.57,30.96,0
CL10653,Travel,24,Pending,72018.78,13,7061,328,4.65,43662,1114,60.47,61020.82,1.93,6.05,8,22.48,182588.88,2191317.69,-15.1,0
CL10654,Technology,24,Not Renewed,45622.13,4,2515,230,9.15,4249,10960,64.95,20741.14,2.93,5.54,8,45.28,171986.24,2017552.01,-2.25,0
CL10655,Real Estate,18,Renewed,47041.82,11,9409,855,9.09,11853,17538,70.38,26806.17,3.43,6.29,6,42.73,131205.77,3540141.7,12.7,0
CL10656,Technology,24,Renewed,66685.62,18,3101,278,8.96,47277,1864,76.1,46630.9,2.95,6.31,8,5.81,218820.12,4148668.78,-0.7,0
CL10657,Travel,12,Renewed,93946.66,3,1838,235,12.79,28977,6109,71.69,59911.28,2.87,5.79,9,35.97,227734.55,3054061.22,9.28,1
CL10658,Finance,24,Renewed,11080.6,18,1464,148,10.11,25070,9704,75.42,5503.08,2.6,6.81,2,38.87,29760.12,689008.32,-3.12,0
CL10659,Education,24,Renewed,83350.61,17,2808,295,10.51,21337,16112,90.74,49769.89,3.13,8.25,2,13.76,278379.42,7689188.58,21.28,0
CL10660,Healthcare,6,Pending,32776.4,3,1024,94,9.18,11937,767,68.56,15083.01,2.9,7.71,0,23.17,94783.24,2076804.88,3.11,1
CL10661,Retail,24,Pending,47172.35,7,251,45,17.93,38604,3470,85.76,33355.49,3.5,7.2,4,34.42,180729.6,2826898.47,35.0,0
CL10662,Finance,12,Pending,7081.77,11,8877,1498,16.88,5051,6076,83.72,5715.68,3.22,8.4,3,21.63,24430.24,455165.44,19.06,0
CL10663,Technology,12,Renewed,33599.38,11,8144,592,7.27,3323,17878,58.17,27012.21,3.13,8.66,1,6.3,103695.53,2545717.81,-22.16,0
CL10664,Real Estate,24,Not Renewed,52749.97,9,1012,43,4.25,13416,8713,70.16,38497.87,2.79,6.28,8,34.18,197520.2,1873484.44,3.01,1
CL10665,E-commerce,12,Renewed,10336.73,2,2421,376,15.53,15667,5699,91.58,6577.34,2.84,6.51,2,43.85,33664.1,430147.06,25.2,0
CL10666,Technology,24,Not Renewed,51654.09,14,595,107,17.98,41945,3750,85.82,33823.75,2.72,7.23,7,31.67,166485.07,3026170.83,11.27,1
CL10667,Real Estate,24,Pending,93075.51,10,2248,158,7.03,48136,12449,67.57,46981.5,3.13,7.38,5,37.37,218129.13,4644689.27,-1.85,1
CL10668,Education,18,Renewed,15012.36,11,656,53,8.08,8891,9994,77.62,8803.35,3.28,7.39,4,17.84,40170.09,621095.59,5.57,0
CL10669,Technology,6,Pending,77621.87,16,1652,282,17.07,13158,3290,92.99,40758.56,2.69,8.35,0,9.61,253529.36,3692553.79,23.97,0
CL10670,Travel,12,Renewed,43918.75,6,2220,300,13.51,30185,15445,77.43,34189.87,2.85,6.91,3,31.21,165458.73,1474312.12,-1.34,0
CL10671,E-commerce,18,Pending,67241.5,17,3185,226,7.1,23880,8889,84.39,54862.44,3.01,8.93,2,16.41,172583.72,1504453.53,9.08,0
CL10672,Real Estate,36,Renewed,29722.48,14,3604,415,11.51,42931,491,65.34,19758.59,2.39,8.2,0,41.42,68917.87,973898.19,8.5,0
CL10673,Real Estate,24,Renewed,20151.76,19,256,44,17.19,29419,17559,95.0,14934.58,2.82,7.33,4,6.76,63116.08,1241564.88,17.1,0
CL10674,Real Estate,12,Not Renewed,20243.95,12,9026,1361,15.08,2811,2750,87.32,10093.35,2.87,7.77,5,21.37,39794.76,805452.82,11.25,0
CL10675,Education,24,Renewed,11696.73,10,7605,1065,14.0,40493,13700,92.53,8110.67,2.92,8.83,1,19.65,39463.49,744621.0,8.26,0
CL10676,Technology,18,Not Renewed,22636.44,17,7262,1011,13.92,44833,14417,77.35,16549.87,2.43,7.22,2,45.09,76044.18,1294072.33,13.81,0
CL10677,Education,24,Renewed,68100.84,3,5623,296,5.26,43538,18868,54.12,42978.93,2.69,6.21,10,8.2,177280.48,2402224.07,-4.21,0
CL10678,Retail,12,Pending,88760.61,3,7643,1168,15.28,14060,17293,76.69,48579.5,3.0,7.12,5,1.46,329430.6,5539466.95,15.96,0
CL10679,Healthcare,24,Pending,82341.94,13,8155,553,6.78,49233,15663,65.79,65951.76,2.5,8.22,3,12.19,243305.43,2689186.61,-0.35,0
CL10680,Healthcare,18,Renewed,70087.76,9,4754,804,16.91,39053,6995,92.58,52367.02,2.53,5.82,8,39.55,227287.41,2394632.66,21.83,1
CL10681,Retail,36,Renewed,15491.03,10,6350,518,8.16,26493,17643,76.37,12546.85,2.79,7.39,4,10.84,36289.3,529778.48,10.42,0
CL10682,Technology,12,Renewed,32472.81,13,7346,1160,15.79,30992,1631,77.04,25243.1,3.09,7.83,3,12.32,89974.2,2690019.26,-2.97,0
CL10683,Travel,24,Renewed,34431.65,10,254,17,6.69,21481,5581,66.32,29134.33,2.42,7.95,1,7.11,128175.75,1946083.8,19.75,0
CL10684,Education,36,Renewed,28745.91,11,8050,843,10.47,24643,10974,81.29,15145.33,2.6,7.67,5,34.63,65508.78,1873684.78,19.23,0
CL10685,E-commerce,12,Pending,53925.54,3,1096,46,4.2,12567,6263,64.13,26137.66,2.58,7.25,9,4.25,142437.89,2368708.95,0.02,1
CL10686,Real Estate,36,Not Renewed,55877.61,17,4726,602,12.74,24416,5364,79.72,32677.29,3.09,8.21,1,16.57,140485.31,2480720.48,8.51,0
CL10687,Real Estate,24,Not Renewed,38904.17,8,3005,465,15.47,42008,17715,83.48,19514.4,2.36,6.65,6,14.28,83361.2,2128660.21,23.53,0
CL10688,Technology,6,Pending,38609.97,3,9469,1291,13.63,46921,15990,79.48,25453.7,3.44,7.24,2,27.09,95490.97,960643.28,10.9,0
CL10689,Travel,12,Pending,83712.78,2,253,27,10.67,4315,18907,73.68,58867.79,2.4,5.69,8,35.33,197949.3,2377547.89,13.38,1
CL10690,Healthcare,24,Pending,79982.82,20,7953,254,3.19,32336,11867,69.09,54493.53,2.59,5.27,10,26.05,304724.59,8966364.38,-1.76,0
CL10691,Healthcare,6,Renewed,34240.6,5,6581,1117,16.97,37977,8171,80.7,18958.89,3.41,6.98,4,44.76,116236.21,2223619.79,3.99,0
CL10692,Real Estate,18,Not Renewed,91809.9,3,5699,766,13.44,37775,15640,74.15,74690.07,2.89,5.76,7,45.72,235693.98,2115309.4,5.11,0
CL10693,Technology,12,Pending,95517.43,15,1816,255,14.04,39843,3008,76.03,43791.78,3.27,5.77,10,17.99,326443.16,2951821.84,7.81,1
CL10694,Education,24,Renewed,36040.54,3,886,131,14.79,5273,4812,86.02,21235.28,3.66,6.31,5,37.55,68253.4,1908316.95,18.1,0
CL10695,Healthcare,6,Renewed,38670.37,16,4468,630,14.1,12946,12290,93.56,28523.15,2.77,6.48,9,35.72,115628.32,3146712.8,31.73,0
CL10696,Education,24,Renewed,53035.24,13,8196,765,9.33,31233,19999,62.93,40135.56,2.91,5.77,7,42.97,128074.56,2316200.29,7.45,1
CL10697,Travel,36,Renewed,94406.48,6,4372,606,13.86,10964,19887,82.37,58196.63,3.49,6.75,10,22.05,197704.94,2291575.4,22.7,0
CL10698,Healthcare,36,Not Renewed,88250.35,8,3867,471,12.18,49132,10250,85.45,40309.58,2.97,7.55,2,25.93,323886.19,8507279.31,8.45,0
CL10699,Healthcare,24,Renewed,14743.96,11,8934,1406,15.74,22076,19219,93.69,10279.75,3.18,7.16,2,20.54,33806.71,511874.24,17.72,0
CL10700,Finance,12,Renewed,42309.42,15,6094,910,14.93,3820,4591,92.98,20107.04,2.6,7.15,4,40.97,150022.04,2583272.23,27.33,0
CL10701,Healthcare,24,Not Renewed,57570.26,15,7316,230,3.14,11250,14019,49.77,28390.33,2.58,6.79,10,11.8,154924.63,3565509.85,-0.94,1
CL10702,Retail,6,Renewed,52797.58,6,8957,750,8.37,37966,14268,73.41,37491.58,1.94,6.04,9,12.27,100713.27,1588728.04,11.82,1
CL10703,E-commerce,6,Renewed,23416.99,19,3526,107,3.03,27072,8693,57.92,13464.66,2.83,7.93,2,18.51,79197.85,1728947.54,-9.46,0
CL10704,Retail,12,Renewed,86587.59,15,3883,159,4.09,18448,17458,67.97,51018.45,2.21,7.14,7,11.83,268391.96,7374396.44,-6.25,0
CL10705,Technology,12,Pending,69309.37,3,5527,653,11.81,39326,16707,78.72,44685.33,3.44,6.19,9,27.37,179091.37,4574389.72,11.47,1
CL10706,Technology,24,Not Renewed,84601.3,13,7111,1141,16.05,24015,4713,83.97,71186.19,3.2,6.83,7,7.32,211638.98,3469914.97,6.15,0
CL10707,Education,24,Renewed,86582.61,7,8152,355,4.35,28367,11526,60.28,72398.38,2.89,8.66,1,16.05,178688.83,2561433.65,0.38,0
CL10708,Retail,12,Not Renewed,76093.81,5,3801,361,9.5,1226,16709,76.23,46912.17,2.61,6.9,3,43.93,291524.51,4163328.54,17.87,0
CL10709,Retail,12,Renewed,46725.01,14,9361,1556,16.62,26320,8283,87.91,25988.44,2.69,5.98,9,20.23,134400.67,2105924.81,17.55,0
CL10710,Retail,36,Not Renewed,63001.94,5,2449,370,15.11,7197,17825,85.43,35976.43,2.48,6.92,0,36.17,127412.65,2402667.96,3.85,0
CL10711,Travel,12,Pending,20234.71,15,7111,751,10.56,45178,8501,67.29,11281.1,3.08,7.02,3,6.33,74131.99,1272486.33,-2.47,0
CL10712,Healthcare,12,Pending,68996.31,17,7155,1035,14.47,42525,3827,90.97,45737.54,3.45,6.4,10,12.64,169128.88,1847917.1,25.1,0
CL10713,E-commerce,12,Renewed,22029.06,5,1312,139,10.59,13463,13803,72.83,15260.5,3.06,7.12,3,38.95,50683.4,587726.17,9.27,0
CL10714,Education,24,Not Renewed,70925.21,2,7065,350,4.95,49934,19287,64.47,45783.06,2.73,6.39,9,36.86,173862.27,2702593.61,4.06,1
CL10715,Retail,24,Pending,26811.83,14,9444,419,4.44,1581,10318,64.65,16440.95,2.83,7.18,8,19.15,81478.46,1659342.26,13.91,0
CL10716,Retail,12,Renewed,16167.37,5,6804,369,5.42,20769,493,57.45,8641.69,2.37,7.08,2,45.86,32159.28,676586.45,-2.49,1
CL10717,Finance,6,Not Renewed,20702.03,19,7533,598,7.94,11276,16092,65.58,13311.45,2.79,8.01,1,43.8,59465.34,1111797.03,2.95,0
CL10718,Education,24,Renewed,5189.25,7,2611,442,16.93,32316,9135,82.24,3043.19,2.73,5.58,8,46.23,19343.82,469147.01,18.92,0
CL10719,Retail,24,Not Renewed,73280.26,4,243,36,14.81,14696,9816,79.87,48851.42,2.85,6.43,8,21.11,165746.75,4014298.99,1.02,1
CL10720,Education,12,Renewed,74578.1,14,7467,688,9.21,42612,8895,79.13,53701.88,4.02,8.44,0,10.28,192077.04,3343639.54,6.33,0
CL10721,Healthcare,36,Pending,53918.67,17,3328,338,10.16,16458,681,64.06,37922.34,2.64,7.81,5,30.45,145994.9,1567649.12,-6.57,0
CL10722,Finance,12,Renewed,20329.47,6,4682,310,6.62,23869,14430,56.4,12909.13,1.76,5.29,9,33.18,62814.25,1235169.67,-0.78,0
CL10723,Education,12,Renewed,12937.66,5,6131,823,13.42,12189,10231,86.31,8699.55,2.97,7.12,7,6.9,49144.21,805587.59,7.56,0
CL10724,E-commerce,36,Renewed,6817.25,9,4343,649,14.94,17831,232,94.8,3844.54,2.94,7.03,2,37.96,18198.77,200810.79,25.37,1
CL10725,E-commerce,12,Renewed,20746.08,20,9649,599,6.21,38028,19322,60.64,9536.89,2.6,6.39,10,1.85,40665.32,1203692.6,-4.79,0
CL10726,Technology,24,Renewed,89631.28,15,2813,89,3.16,13936,15084,50.82,62742.59,2.02,6.26,8,23.69,233552.11,3768274.21,-12.78,0
CL10727,Finance,12,Renewed,27946.0,8,4285,521,12.16,566,3485,88.05,15399.01,3.08,8.21,1,16.56,62513.42,1360764.15,23.43,1
CL10728,Finance,12,Renewed,38655.78,15,9649,1083,11.22,31225,3870,77.43,27738.67,2.66,7.55,5,35.79,125558.68,2358347.96,-1.96,0
CL10729,Technology,36,Renewed,15007.82,7,7428,649,8.74,25712,2368,63.04,11237.91,2.67,9.45,0,15.7,29245.01,325854.4,-5.28,0
CL10730,Education,12,Renewed,26124.32,13,4733,591,12.49,33832,1075,88.09,21327.14,2.94,6.84,6,39.86,65758.72,606424.27,35.0,0
CL10731,Finance,24,Pending,54326.33,17,3292,363,11.03,25901,7705,82.05,45267.37,3.15,7.1,2,28.96,165867.88,3610434.06,26.74,0
CL10732,E-commerce,12,Renewed,62736.5,18,400,26,6.5,13893,7313,72.71,28495.57,3.5,6.43,6,38.31,150313.8,2019387.91,-9.12,0
CL10733,E-commerce,12,Not Renewed,28308.47,14,823,71,8.63,4170,11555,65.58,23953.2,2.25,7.1,3,47.5,86868.15,1160592.19,-3.65,0
CL10734,Retail,6,Not Renewed,10484.56,15,5794,529,9.13,26101,2935,75.7,7582.51,3.14,5.99,8,32.92,22245.07,646296.61,7.99,1
CL10735,Healthcare,24,Pending,42148.12,8,3110,502,16.14,2751,2838,95.0,29815.99,2.45,6.59,4,47.29,162554.51,2951829.41,9.71,0
CL10736,Finance,12,Renewed,27249.32,15,5655,984,17.4,46217,9649,95.0,12428.01,3.23,8.26,2,2.36,66077.57,571397.43,35.0,0
CL10737,Education,24,Not Renewed,25857.62,16,167,27,16.17,34072,4234,95.0,20543.71,3.39,7.26,7,16.89,99213.75,1535485.54,21.24,0
CL10738,Technology,12,Renewed,96186.97,13,2606,356,13.66,27527,6933,93.52,48881.89,3.02,7.84,5,6.07,241554.68,5038544.12,18.48,0
CL10739,Technology,36,Renewed,63548.55,18,1637,189,11.55,32346,8453,83.17,49881.29,2.42,7.91,1,13.33,224840.96,3423986.78,15.77,0
CL10740,Education,12,Renewed,57903.45,10,497,66,13.28,21515,15790,77.74,26417.0,2.91,7.68,2,40.43,134975.82,1159542.58,11.84,1
CL10741,Travel,24,Pending,44498.63,16,5780,986,17.06,10083,2009,95.0,31522.19,3.85,8.15,7,2.52,146116.2,2597193.22,14.17,1
CL10742,Real Estate,24,Renewed,45749.71,13,9455,603,6.38,23604,14596,57.76,28544.19,2.43,5.35,9,25.45,116011.39,1198390.63,5.45,0
CL10743,Healthcare,24,Renewed,56385.98,3,4925,532,10.8,12724,12162,71.49,29901.86,2.98,6.55,6,27.66,163621.45,3537744.54,5.84,0
CL10744,Technology,24,Not Renewed,71160.83,6,8847,1167,13.19,39284,9950,84.19,35084.04,3.47,5.85,9,27.37,230437.69,4984578.36,23.9,1
CL10745,Finance,24,Not Renewed,71703.88,14,6148,801,13.03,31336,2063,59.95,44890.29,3.4,7.16,5,23.34,221792.01,1958578.94,-8.14,1
CL10746,Healthcare,24,Renewed,21310.92,9,3761,241,6.41,29799,5253,65.94,10641.02,2.3,6.84,0,38.16,64679.07,931033.08,-13.71,1
CL10747,Finance,12,Renewed,52510.71,15,3041,353,11.61,13536,10581,81.37,33847.28,2.68,7.61,8,7.28,104972.82,1795150.46,22.96,0
CL10748,Travel,6,Not Renewed,44136.02,16,7167,1063,14.83,20433,1066,79.72,30899.05,2.87,8.0,2,15.6,105841.84,2128035.94,16.23,0
CL10749,E-commerce,36,Renewed,87700.06,12,5191,512,9.86,12892,989,76.13,68489.68,3.11,7.34,4,29.94,271528.24,3940796.72,17.14,0
CL10750,Healthcare,18,Renewed,64984.8,2,1701,252,14.81,8438,19545,84.05,46883.92,2.26,6.74,6,33.47,124694.85,1786929.98,23.17,0
CL10751,Retail,24,Renewed,55587.89,4,1580,128,8.1,4641,6561,66.89,26464.28,2.92,6.7,6,19.99,130374.33,3862513.37,1.48,0
CL10752,Technology,12,Not Renewed,15962.49,18,6330,1079,17.05,23850,6266,95.0,9146.08,3.36,7.69,2,42.14,37105.32,331015.87,18.06,0
CL10753,Healthcare,12,Pending,62535.6,20,9394,1012,10.77,10046,16106,85.08,35344.59,2.9,7.63,3,20.53,147958.96,4403110.56,13.32,0
CL10754,Healthcare,12,Not Renewed,16134.37,15,3376,396,11.73,5835,11481,84.05,13165.86,3.22,5.18,9,19.93,48867.51,442277.49,17.75,1
CL10755,Healthcare,24,Not Renewed,37034.62,9,6547,196,2.99,5577,16444,48.46,29520.77,2.59,7.35,6,2.7,115599.68,1658105.33,-9.36,0
CL10756,Real Estate,12,Renewed,18569.99,14,5599,288,5.14,46515,11040,62.63,11105.95,2.95,6.43,7,26.9,69793.65,1316391.91,-16.29,0
CL10757,Healthcare,12,Renewed,70747.0,4,6373,785,12.32,6111,11358,85.49,33849.76,3.1,8.11,1,34.31,186084.47,2075318.88,13.4,0
CL10758,Finance,12,Renewed,24593.95,6,1399,126,9.01,41357,7380,68.12,19863.13,2.83,8.37,8,6.38,94630.79,1037779.91,13.5,0
CL10759,E-commerce,6,Renewed,42226.64,10,5918,614,10.38,36160,1167,85.33,34004.1,3.2,7.3,6,15.36,138098.98,1883515.37,14.22,0
CL10760,Travel,18,Renewed,90089.1,7,6801,236,3.47,6077,11215,60.81,71341.42,2.98,7.48,7,37.72,343650.41,10109218.42,14.86,1
CL10761,Education,12,Pending,24410.06,3,5094,786,15.43,20502,9118,95.0,19235.92,3.44,6.87,5,18.2,89030.8,1456772.78,13.31,1
CL10762,Healthcare,24,Renewed,53241.48,14,7589,1113,14.67,39951,15853,79.1,34186.44,3.18,7.05,5,12.36,175933.73,3598176.67,12.66,0
CL10763,Technology,12,Not Renewed,44830.81,6,9827,528,5.37,34775,14278,59.44,23355.63,2.83,6.09,8,32.59,115576.77,2715408.12,-11.77,1
CL10764,Healthcare,12,Renewed,6721.78,9,8369,1032,12.33,49603,15287,78.55,4308.63,3.63,8.12,3,10.25,15907.64,387015.07,2.64,0
CL10765,Technology,6,Renewed,80312.02,2,2931,445,15.18,29147,4707,87.89,52029.27,2.95,5.17,10,43.1,187045.23,4327647.02,9.25,0
CL10766,Finance,6,Pending,11559.36,13,2821,351,12.44,35331,4085,75.48,7467.03,3.45,5.56,10,5.96,44631.36,687877.28,25.01,0
CL10767,Technology,12,Renewed,50054.23,12,1632,119,7.29,35268,10384,56.17,33311.54,3.31,7.08,4,34.21,194179.49,2030731.48,-8.2,1
CL10768,Retail,12,Pending,58264.44,8,8529,1081,12.67,31462,19663,82.12,32223.89,2.84,5.8,8,24.48,195792.5,2779815.41,6.36,0
CL10769,Education,18,Renewed,64700.51,16,5353,308,5.75,48834,14654,62.41,38593.63,2.51,8.37,0,41.89,239721.58,3026843.33,-1.83,0
CL10770,E-commerce,12,Renewed,70420.0,12,2096,156,7.44,30083,4638,64.51,43919.17,2.48,8.32,3,6.93,266596.78,2932058.23,-2.12,0
CL10771,Technology,24,Renewed,29060.88,17,5411,337,6.23,1794,18846,61.68,14601.6,2.8,6.24,6,32.86,84273.07,719601.69,4.17,0
CL10772,Technology,24,Renewed,5947.98,4,377,42,11.14,15596,18708,75.12,3759.99,2.22,6.15,10,27.89,18909.0,540532.08,-9.23,1
CL10773,E-commerce,24,Renewed,73727.15,15,3189,133,4.17,37333,6471,53.14,57078.66,2.21,6.15,8,23.56,204440.33,5778047.27,-15.94,0
CL10774,Education,6,Pending,55887.38,4,623,106,17.01,47358,1826,87.57,43660.55,3.05,5.97,10,24.1,155039.22,1412279.25,22.57,1
CL10775,Healthcare,12,Not Renewed,84431.18,2,4375,336,7.68,27828,5891,59.1,51893.56,2.39,5.92,9,34.93,163320.05,1928460.38,-8.04,1
CL10776,Technology,12,Renewed,83031.89,16,5465,322,5.89,24898,8558,61.06,54595.4,2.43,6.39,5,45.07,230447.2,2550822.45,-8.8,1
CL10777,E-commerce,12,Pending,85115.99,2,3222,329,10.21,18206,17321,73.7,39447.87,2.67,7.58,7,5.29,274941.13,3900563.57,-0.31,0
CL10778,Retail,36,Renewed,51083.99,18,8267,562,6.8,22840,15838,72.86,36768.88,3.09,6.38,8,1.92,141303.72,1764814.95,11.29,0
CL10779,Retail,12,Pending,36694.7,3,5290,571,10.79,19325,17170,70.88,22451.37,2.96,6.14,9,38.87,135220.74,3895544.26,9.56,1
CL10780,Finance,12,Renewed,80198.03,7,4675,369,7.89,17982,16840,73.95,50379.69,3.44,8.16,3,6.08,204940.45,2019022.0,13.93,0
CL10781,E-commerce,18,Renewed,47872.94,9,7827,356,4.55,9818,9163,52.72,38272.94,2.64,6.84,0,47.37,104291.18,1319988.25,-17.9,0
CL10782,Finance,24,Renewed,22427.01,17,1897,126,6.64,41756,10265,56.91,14235.18,2.08,6.07,7,30.11,79906.47,781158.67,-15.44,0
CL10783,Retail,18,Renewed,86222.53,20,2231,207,9.28,44509,14639,65.85,39531.04,2.6,7.19,1,31.59,278491.0,8234554.91,9.69,1
CL10784,Education,6,Renewed,88843.19,2,7422,220,2.96,43685,15672,45.57,48063.84,2.12,6.14,10,10.35,208165.81,5871336.9,-11.96,0
CL10785,Healthcare,12,Renewed,49299.43,4,6600,953,14.44,16074,4747,73.31,31563.87,2.92,8.52,0,12.29,147238.15,3499246.41,0.97,0
CL10786,E-commerce,18,Renewed,12191.47,4,915,111,12.13,48570,10102,90.87,7555.77,3.6,6.17,6,31.99,32902.7,571566.18,16.85,1
CL10787,Travel,6,Not Renewed,41843.48,6,8734,1032,11.82,15150,10933,65.8,33229.92,2.73,6.26,9,43.76,161940.23,1973066.64,-9.31,1
CL10788,Retail,12,Renewed,81336.08,13,6766,742,10.97,46618,10520,83.54,54239.37,3.12,6.44,8,47.17,255567.0,3289856.22,8.74,0
CL10789,Retail,6,Renewed,90668.53,13,242,28,11.57,29430,6742,78.3,65812.14,2.94,7.02,10,10.31,200747.47,3562641.3,10.58,0
CL10790,Travel,6,Renewed,24329.91,14,1510,257,17.02,20671,19875,94.02,15515.9,3.57,5.36,8,7.3,70896.0,1765374.12,23.15,0
CL10791,Real Estate,12,Renewed,11362.49,10,634,17,2.68,35364,10642,48.86,7111.35,2.09,9.34,2,3.65,41675.74,576127.47,-12.0,0
CL10792,Retail,12,Renewed,88348.29,8,3464,112,3.23,12301,4457,58.15,55528.2,1.98,6.75,5,41.81,288657.87,4282938.65,-6.31,0
CL10793,Technology,18,Renewed,41993.47,5,1132,62,5.48,22872,15699,54.05,25799.47,2.63,7.13,6,14.85,152131.49,3225001.14,-1.8,0
CL10794,Education,24,Renewed,56467.29,20,3442,175,5.08,17059,13301,71.16,37575.22,2.91,6.74,9,1.09,135080.88,1787126.25,3.5,1
CL10795,E-commerce,24,Renewed,96966.25,20,9702,515,5.31,32834,2839,72.31,53348.64,3.27,6.03,8,11.52,359074.0,7487701.78,1.54,0
CL10796,Travel,12,Renewed,11323.65,7,6185,799,12.92,40437,13331,78.81,9131.64,2.1,8.35,1,17.0,39501.3,652438.22,3.57,0
CL10797,Technology,12,Renewed,66590.21,14,4600,443,9.63,13788,9610,73.49,38837.69,2.8,6.96,7,47.58,224843.67,1968753.78,-8.2,0
CL10798,Travel,12,Renewed,12040.02,12,1272,227,17.85,22898,9827,95.0,6128.48,3.35,6.92,6,25.61,30762.11,518631.59,26.2,0
CL10799,E-commerce,24,Renewed,40669.55,14,9180,552,6.01,11194,10735,67.6,19871.96,2.17,7.26,3,10.62,149917.6,4232107.31,13.53,0
CL10800,Finance,24,Renewed,81362.38,14,4617,338,7.32,12691,10064,75.37,37049.92,2.84,7.32,1,16.74,256584.32,3707248.63,0.65,0
CL10801,E-commerce,6,Pending,46179.86,16,8107,1439,17.75,18551,17361,95.0,28591.91,3.73,6.69,7,16.52,168263.18,2541163.14,10.84,0
CL10802,Real Estate,36,Renewed,99732.32,14,1741,268,15.39,11237,19354,88.17,52363.9,3.89,6.14,10,1.93,258237.01,2440520.39,11.24,1
CL10803,E-commerce,6,Renewed,58110.63,12,571,56,9.81,25751,11492,70.38,26652.97,3.11,8.12,4,7.35,123225.58,2653175.37,6.09,0
CL10804,E-commerce,18,Renewed,35510.4,20,3040,337,11.09,5647,12436,85.41,23366.12,2.98,7.61,5,33.67,90992.21,2427975.35,10.24,1
CL10805,Real Estate,24,Not Renewed,25910.58,9,8838,1376,15.57,20143,12039,85.98,18707.22,3.55,6.69,10,6.65,73496.73,1158624.77,10.5,1
CL10806,Education,24,Renewed,38299.45,9,4826,480,9.95,39467,16776,73.82,18548.44,3.16,7.14,6,11.84,112647.51,1496567.48,5.51,0
CL10807,Retail,24,Renewed,40390.66,11,7770,442,5.69,33814,9943,66.79,25622.55,2.51,6.31,9,17.48,118396.79,3438889.32,2.06,0
CL10808,E-commerce,24,Renewed,11527.8,17,3823,586,15.33,38499,12923,95.0,8616.47,3.11,7.92,0,36.61,34970.47,852985.63,23.95,0
CL10809,Real Estate,12,Renewed,40109.55,20,463,50,10.8,41233,2786,80.83,33865.4,2.94,5.91,7,28.37,147549.51,3021459.6,8.72,1
CL10810,Technology,24,Renewed,49102.66,12,3409,166,4.87,18967,333,57.26,35200.53,2.1,7.64,3,33.38,109814.74,1616658.08,-7.92,0
CL10811,Finance,6,Renewed,73660.09,14,645,67,10.39,35308,14529,88.45,40361.0,3.06,5.75,8,27.65,184201.17,2368376.93,1.04,1
CL10812,Finance,24,Not Renewed,67389.3,10,3340,297,8.89,2252,18858,81.44,49640.4,3.18,8.59,0,33.13,252725.59,6001315.08,18.99,0
CL10813,E-commerce,18,Renewed,72332.74,20,6765,1089,16.1,2349,2372,85.12,49849.68,3.46,6.37,10,1.13,220560.98,4296385.4,16.1,0
CL10814,Education,24,Pending,5794.55,17,2036,91,4.47,3142,17450,55.74,3098.46,2.31,7.92,1,44.75,17724.36,344795.45,5.61,0
CL10815,Education,12,Not Renewed,25678.4,8,9254,1487,16.07,2100,17373,82.47,20297.35,3.52,6.73,5,6.21,74506.97,716877.46,16.32,0
CL10816,Technology,24,Renewed,67860.01,20,982,103,10.49,47219,3500,84.16,42138.47,3.3,6.55,10,20.09,204128.83,3933211.14,12.82,0
CL10817,E-commerce,18,Renewed,50978.99,13,3940,345,8.76,21286,15471,84.3,42556.81,3.32,6.64,9,37.24,118509.09,3093130.94,1.62,0
CL10818,Finance,24,Renewed,5504.78,16,7023,352,5.01,45065,4642,59.58,4068.92,2.2,5.36,10,21.46,16697.16,481372.18,-16.86,1
CL10819,Education,6,Renewed,81426.99,15,9162,1224,13.36,20683,3623,84.83,57636.08,3.72,7.6,0,45.5,323348.2,3345687.95,22.27,0
CL10820,E-commerce,6,Renewed,78416.91,12,4711,795,16.88,1632,18247,86.13,58133.68,3.31,7.75,3,22.98,241056.34,5275670.98,19.28,1
CL10821,Travel,12,Not Renewed,57099.82,11,9157,762,8.32,38759,3391,81.55,36614.62,2.9,6.42,7,42.12,111547.63,2287132.39,23.31,1
CL10822,Education,12,Pending,11314.02,12,5304,331,6.24,31576,2588,70.57,7377.77,2.59,5.66,9,39.11,40001.14,1103506.44,11.35,1
CL10823,Real Estate,24,Renewed,77818.93,7,7388,820,11.1,39063,10992,69.43,61514.54,2.63,6.46,4,47.11,212462.73,5211151.71,0.13,1
CL10824,Travel,12,Renewed,60452.79,3,3303,490,14.83,27191,1658,68.41,43669.37,2.36,6.07,8,44.55,133196.4,3894098.13,-16.01,1
CL10825,Retail,36,Not Renewed,79286.2,12,2344,60,2.56,43799,4790,62.86,64134.4,2.94,5.71,10,43.21,294430.57,8574028.96,3.34,1
CL10826,Education,12,Not Renewed,76415.96,20,118,14,11.86,11431,6221,77.64,61616.53,2.6,5.37,10,35.39,177080.73,2295864.42,0.72,1
CL10827,Finance,12,Not Renewed,81285.2,7,741,87,11.74,8133,18760,82.7,68328.02,3.14,6.79,5,18.25,312440.84,7485369.91,10.92,1
CL10828,Healthcare,24,Renewed,54210.77,15,3183,237,7.45,38277,12298,70.93,39578.52,2.62,9.32,0,5.99,152348.21,2996919.03,7.45,0
CL10829,Travel,24,Pending,18330.83,7,5300,503,9.49,35381,4539,58.33,11931.92,2.73,6.92,5,33.37,62738.93,798117.23,-9.71,1
CL10830,Retail,12,Renewed,68759.96,18,8621,546,6.33,1544,17587,61.48,35516.22,2.85,5.28,5,47.0,204754.95,2515848.6,-9.07,0
CL10831,Technology,18,Renewed,63945.01,11,965,142,14.72,47191,7620,83.17,46817.48,2.82,7.49,5,35.15,154871.89,1515244.19,10.26,0
CL10832,Technology,24,Renewed,75514.05,2,873,108,12.37,35699,5509,71.89,42788.61,2.79,5.82,7,44.65,245492.19,6260540.87,-11.55,1
CL10833,Finance,12,Renewed,21138.7,4,4832,520,10.76,24863,9770,74.11,11904.87,2.34,6.77,5,38.8,81434.96,1232852.42,-1.89,0
CL10834,Education,36,Pending,23522.64,9,3618,311,8.6,47194,12206,72.46,12827.25,3.41,7.91,4,8.67,81213.48,2180851.11,-3.16,0
CL10835,E-commerce,36,Renewed,89588.9,9,6895,484,7.02,2082,12034,78.23,71675.49,3.31,5.47,10,12.71,283857.95,6069716.96,7.37,0
CL10836,Education,24,Renewed,76247.89,16,7084,1080,15.25,14874,7969,92.03,60783.73,2.76,7.99,1,17.07,303437.28,6924418.64,11.34,0
CL10837,Finance,12,Renewed,91281.71,8,2667,253,9.49,1808,3056,81.96,64115.19,2.72,8.64,3,8.91,222068.6,3201523.59,7.75,1
CL10838,Technology,24,Renewed,77077.96,12,1774,182,10.26,21801,10866,71.51,49267.65,2.74,6.71,9,28.34,153440.27,2771204.03,1.0,0
CL10839,Education,6,Renewed,61729.75,8,839,89,10.61,9293,19868,82.48,44374.17,3.05,6.59,4,46.85,120199.32,2051921.0,29.26,0
CL10840,Technology,6,Renewed,67142.61,5,1645,155,9.42,2120,10186,67.63,46522.56,2.46,6.29,9,36.79,225979.7,2979576.38,8.0,1
CL10841,Travel,12,Pending,89467.15,13,9427,610,6.47,30383,10535,59.31,55138.04,2.12,8.08,3,20.9,321863.56,8469925.75,-4.95,1
CL10842,Retail,12,Renewed,59986.64,7,5227,228,4.36,38034,16512,51.64,36103.1,2.49,8.99,1,1.21,191007.91,4142170.63,-5.76,0
CL10843,E-commerce,24,Renewed,65077.18,15,7047,284,4.03,38460,10355,41.83,39249.2,2.74,6.46,6,15.72,244126.32,2154049.44,-8.85,0
CL10844,Travel,24,Renewed,19865.29,13,6720,957,14.24,39890,9738,91.13,13620.7,3.24,7.08,9,25.76,66293.71,1726167.18,20.59,0
CL10845,Technology,24,Not Renewed,50022.52,12,9165,547,5.97,6593,7856,55.09,35469.36,2.32,6.16,9,16.24,132873.41,1372958.44,-15.21,1
CL10846,Technology,12,Pending,73057.73,20,4655,157,3.37,49752,11956,70.28,46077.27,2.62,8.48,1,6.22,163526.33,2760540.56,2.6,0
CL10847,Healthcare,12,Pending,30739.56,6,5745,854,14.87,22759,15864,83.06,25743.66,2.66,8.06,0,21.81,118382.01,2434839.97,4.83,0
CL10848,Healthcare,12,Renewed,24214.15,15,9043,442,4.89,21155,3702,51.59,11708.47,2.11,7.72,4,12.9,49359.06,403180.96,-12.02,0
CL10849,Travel,36,Renewed,34813.55,17,7224,881,12.2,33505,5162,73.63,20498.87,3.23,7.23,0,43.73,104004.8,2325961.09,4.77,0
CL10850,Real Estate,6,Renewed,27942.56,14,9145,709,7.75,32129,11977,70.61,17258.16,2.04,8.53,0,5.78,70242.68,1581406.09,12.35,0
CL10851,Travel,24,Pending,25416.7,5,3832,171,4.46,24110,7344,44.74,11609.55,2.22,8.82,0,3.31,60597.57,1354693.76,-20.53,0
CL10852,Healthcare,18,Not Renewed,45360.83,12,2383,213,8.94,22102,6472,75.68,27034.28,2.89,8.34,5,1.25,145392.75,1686017.17,0.48,1
CL10853,Technology,12,Renewed,91244.66,18,9621,263,2.73,20909,7205,47.51,51049.92,2.3,7.24,8,16.42,212186.59,2891278.07,-17.98,1
CL10854,Finance,24,Not Renewed,53170.67,8,8769,1362,15.53,11610,19246,81.45,34689.32,3.26,6.65,9,32.04,201382.34,2707035.39,6.64,1
CL10855,Travel,12,Pending,22852.44,15,7098,742,10.45,6573,12329,77.77,13358.72,2.95,6.19,10,35.33,61674.93,1796064.85,6.39,0
CL10856,Technology,24,Renewed,12312.31,12,5513,257,4.66,35810,17056,64.12,9116.93,2.47,9.26,0,22.3,40724.28,386295.05,2.02,0
CL10857,Finance,36,Not Renewed,71134.83,10,1369,85,6.21,15782,7805,69.61,46520.26,2.52,6.93,4,33.16,241273.71,4206065.03,-3.05,0
CL10858,Finance,12,Renewed,41365.88,14,7968,752,9.44,10695,13994,64.35,20761.74,3.08,6.51,8,17.92,134838.45,3663235.18,0.46,1
CL10859,Healthcare,12,Renewed,83073.94,19,2703,147,5.44,2037,12380,63.09,62307.49,2.97,6.12,8,32.39,314405.51,7837579.75,-0.32,0
CL10860,Travel,18,Renewed,67653.52,12,6061,404,6.67,17638,714,73.53,33129.36,3.84,8.69,0,2.91,156130.64,4074030.26,10.4,0
CL10861,Education,36,Renewed,80642.94,16,9761,1053,10.79,44828,4150,75.42,63354.68,2.78,5.99,7,19.37,167505.02,4923049.4,5.61,0
CL10862,E-commerce,12,Renewed,30834.87,20,8669,1335,15.4,46702,16809,92.56,25363.8,3.03,7.99,0,38.17,62351.81,1030036.93,25.95,0
CL10863,Healthcare,24,Renewed,70774.1,2,7657,668,8.72,40664,15822,68.64,40976.66,2.88,6.56,7,38.74,261030.26,3866488.81,5.5,0
CL10864,Healthcare,24,Renewed,30085.89,5,1780,242,13.6,24707,15310,89.86,24684.18,3.35,7.79,0,34.66,118809.69,1030615.7,20.0,0
CL10865,Education,24,Renewed,94211.51,15,8533,1373,16.09,21119,16842,87.21,72279.38,3.36,6.69,4,10.6,238082.52,2690433.89,11.14,0
CL10866,E-commerce,12,Renewed,65455.56,15,9211,539,5.85,25345,3877,55.15,53606.42,2.72,6.96,7,12.62,220004.18,4480236.05,-4.7,0
CL10867,Technology,24,Renewed,35828.62,4,5782,868,15.01,24810,6006,77.15,25671.49,3.13,5.79,5,47.82,67997.13,779827.34,11.32,1
CL10868,Real Estate,36,Renewed,30603.63,18,8184,1165,14.24,38399,1821,88.22,16656.26,3.54,7.13,8,5.86,68313.13,1653089.65,11.47,0
CL10869,Travel,12,Renewed,23138.03,4,5467,439,8.03,31062,17833,55.49,18691.12,2.86,8.63,0,9.49,77499.18,683474.36,2.9,0
CL10870,Real Estate,12,Pending,70990.89,17,169,30,17.75,28536,3996,91.51,37178.36,3.66,6.98,8,7.11,139801.61,1916503.44,35.0,0
CL10871,Technology,36,Pending,25777.98,15,4024,264,6.56,9197,7041,67.18,13797.0,1.9,7.81,0,16.4,72634.03,1692370.63,-3.73,1
CL10872,Retail,12,Not Renewed,61553.81,14,6300,406,6.44,18013,13564,60.63,34373.2,2.63,7.24,9,10.88,198882.28,2708987.89,-6.82,0
CL10873,Healthcare,24,Pending,30140.33,16,2107,305,14.48,43539,5346,89.09,17231.18,2.86,6.3,9,24.39,104027.44,2500063.4,13.3,0
CL10874,E-commerce,12,Renewed,67887.05,15,9092,840,9.24,3645,8484,78.42,44519.77,3.31,7.27,2,23.37,191235.2,5719654.6,-1.08,0
CL10875,Healthcare,12,Pending,82419.27,20,8219,627,7.63,28318,19061,74.26,60609.73,2.05,8.03,0,43.37,264355.05,6750530.12,-0.53,1
CL10876,Finance,24,Renewed,78912.4,7,2879,152,5.28,31044,15469,49.82,64746.3,2.82,8.35,2,2.63,239753.99,3721073.05,-3.77,0
CL10877,Healthcare,12,Renewed,77280.88,11,5020,721,14.36,13600,16575,85.3,37510.21,2.79,7.21,10,16.03,149243.74,4150919.4,13.55,0
CL10878,Healthcare,18,Pending,22833.63,16,855,126,14.74,20604,13744,88.55,18991.82,2.78,7.55,1,29.04,79183.07,722621.07,31.84,0
CL10879,Technology,12,Renewed,13396.57,7,6595,744,11.28,4567,11208,72.98,10965.48,2.95,7.16,1,29.43,30364.56,727235.77,3.28,1
CL10880,Technology,18,Pending,71400.14,11,6035,1046,17.33,37463,8228,94.37,33672.29,3.17,6.61,8,23.57,134567.24,1145583.2,23.89,0
CL10881,Technology,12,Not Renewed,39992.99,8,9613,714,7.43,31228,17559,68.32,23760.97,3.34,6.83,7,39.34,111819.79,1323971.01,-4.91,0
CL10882,Real Estate,12,Not Renewed,46072.89,18,2430,143,5.88,32817,18997,65.36,35718.35,3.13,9.98,0,3.95,171006.59,5083493.46,-0.63,0
CL10883,Finance,36,Not Renewed,7959.16,19,5805,755,13.01,31916,8268,77.15,5528.68,2.74,9.04,3,39.33,17433.74,277884.54,9.21,0
CL10884,Retail,12,Renewed,29659.76,18,8401,1198,14.26,42512,6961,86.76,22589.99,3.49,7.34,0,24.25,56869.93,1481517.77,-1.6,0
CL10885,Retail,24,Renewed,8199.26,10,1116,67,6.0,40549,9090,76.57,6047.88,2.71,8.54,0,7.29,17344.38,282260.84,1.5,0
CL10886,Technology,12,Renewed,88522.65,11,7447,275,3.69,3009,13850,55.33,57425.36,2.24,6.39,3,42.63,232448.19,6155373.56,-1.68,0
CL10887,E-commerce,24,Renewed,28122.68,11,8316,1253,15.07,21900,17088,93.86,13118.87,3.54,7.66,1,31.51,85351.85,2495659.96,24.86,0
CL10888,Real Estate,12,Renewed,57947.03,8,5038,888,17.63,48770,3079,92.15,39618.81,3.76,9.51,2,8.69,131902.06,2319075.29,9.02,0
CL10889,Education,36,Pending,8703.04,17,2938,367,12.49,7033,7165,76.57,4085.44,2.75,6.08,10,2.58,30473.53,618785.82,5.21,1
CL10890,E-commerce,12,Pending,68350.5,19,837,57,6.81,15170,5016,66.6,47263.73,2.55,6.84,8,7.63,236137.08,5154888.7,-17.84,1
CL10891,Travel,12,Renewed,35687.6,7,6300,1131,17.95,4432,697,92.21,27485.32,3.35,7.52,1,29.61,119691.03,3419137.73,19.02,0
CL10892,Travel,6,Renewed,90302.32,2,8471,1385,16.35,47863,5722,91.16,61766.49,2.91,7.35,3,9.43,261396.84,3567640.77,28.39,0
CL10893,E-commerce,12,Renewed,89371.23,2,331,35,10.57,46309,18361,88.79,75859.08,3.72,9.5,0,11.61,239439.63,5135378.16,27.08,0
CL10894,Technology,18,Renewed,35902.61,13,2017,308,15.27,38828,12264,88.11,22702.89,2.84,7.68,1,2.18,95027.69,1439084.61,26.32,0
CL10895,Education,12,Not Renewed,90591.29,3,8634,1308,15.15,37284,1799,75.31,67900.98,2.65,7.0,4,34.98,266685.44,3406247.77,11.43,0
CL10896,Education,24,Renewed,99634.98,5,6018,1022,16.98,24223,17200,77.62,71426.85,3.54,5.89,9,39.09,203413.0,2007329.82,18.1,1
CL10897,Real Estate,12,Renewed,83414.49,18,2723,423,15.53,1219,13529,87.17,70616.43,3.21,7.82,0,38.45,278978.48,6041457.25,14.0,0
CL10898,Education,12,Renewed,85262.78,5,8746,1091,12.47,574,13896,70.03,62692.67,3.44,6.25,10,7.0,223557.97,6126803.02,-0.65,0
CL10899,Travel,18,Pending,28655.83,12,6501,776,11.94,26998,4186,82.96,14775.3,2.97,7.28,6,43.46,65934.1,1037185.83,21.7,0
CL10900,Finance,24,Pending,59786.73,5,7172,699,9.75,31845,765,75.08,49754.94,3.75,6.16,3,32.6,149020.73,3004065.35,9.36,1
CL10901,Technology,12,Renewed,11389.31,2,2376,290,12.21,21041,14705,75.2,8167.4,3.09,6.86,5,43.18,25715.87,569013.6,-7.22,0
CL10902,Education,12,Renewed,14017.2,8,7493,1111,14.83,46429,17563,89.48,6640.44,2.93,6.97,7,22.02,52028.02,890839.57,26.87,1
CL10903,Real Estate,6,Renewed,99894.8,19,8887,1557,17.52,35417,8519,95.0,71227.72,3.04,7.32,5,21.54,223088.62,6218294.72,19.24,0
CL10904,Travel,24,Renewed,36030.73,10,3974,387,9.74,26528,15284,85.92,28941.6,2.6,7.18,1,37.87,135293.83,2162078.41,9.31,0
CL10905,Finance,24,Pending,76077.47,4,4630,527,11.38,30045,1169,79.23,51794.82,2.49,9.33,0,5.38,233703.55,2512368.79,17.79,0
CL10906,Healthcare,12,Renewed,81633.18,9,7264,682,9.39,14533,5363,77.89,48294.83,2.7,7.26,7,25.48,299556.95,3345586.18,15.78,0
CL10907,Healthcare,24,Renewed,86512.21,20,4597,591,12.86,32173,16209,74.01,67337.98,2.5,5.78,7,40.31,250031.17,6900577.14,-1.35,1
CL10908,Finance,24,Renewed,99774.69,5,8033,985,12.26,31474,8051,69.2,76128.57,1.84,5.38,8,40.02,383013.29,11389350.96,1.68,1
CL10909,Travel,18,Not Renewed,27942.17,19,2235,62,2.77,23597,13019,61.93,18656.23,2.87,5.79,5,45.94,64575.72,927089.89,-9.42,1
CL10910,Real Estate,24,Renewed,8833.33,12,6827,743,10.88,37475,1463,65.56,4520.41,2.93,8.08,0,33.82,26436.29,295009.43,-6.66,0
CL10911,Finance,12,Pending,44063.19,15,1665,64,3.84,28108,4608,55.48,24252.14,2.54,6.8,8,10.77,92614.65,1723435.48,-30.61,0
CL10912,Technology,12,Renewed,17357.66,19,408,12,2.94,24025,1855,67.26,12938.29,2.3,8.11,2,1.95,49044.26,1157916.21,-6.53,0
CL10913,Technology,12,Renewed,7130.46,17,8634,1275,14.77,15543,619,83.35,5507.8,3.63,7.16,10,23.53,22032.45,473099.8,11.48,0
CL10914,Healthcare,6,Renewed,39240.55,4,8727,568,6.51,42346,11836,54.21,22041.66,2.34,6.82,5,25.14,122130.11,3532537.71,-30.22,1
CL10915,Education,18,Renewed,79455.13,16,8468,659,7.78,12225,10614,74.72,47450.13,2.57,6.62,9,12.29,207926.84,5404250.09,-4.17,0
CL10916,Real Estate,36,Not Renewed,58787.17,5,238,8,3.36,37204,14788,69.66,28279.73,2.83,6.54,9,6.86,116431.99,3157331.41,8.12,1
CL10917,Healthcare,6,Renewed,34713.91,6,293,15,5.12,42575,7333,54.24,25528.08,2.47,6.97,10,28.55,113168.42,2253938.92,-18.83,1
CL10918,Education,12,Renewed,67162.49,18,3357,482,14.36,37883,1202,95.0,30319.23,2.44,5.02,8,36.92,190645.07,2897815.41,19.74,1
CL10919,Education,12,Renewed,27041.73,8,3335,338,10.13,29983,697,66.59,12672.2,2.67,5.24,10,47.68,56912.02,1333914.86,-12.11,1
CL10920,Retail,36,Renewed,6366.24,17,1042,168,16.12,7765,14047,90.46,2875.87,3.25,7.78,2,36.64,24053.4,424763.0,21.1,0
CL10921,Technology,12,Renewed,77613.57,15,4720,409,8.67,23263,19757,71.44,54960.33,2.65,6.84,4,38.3,301446.15,4319902.18,1.9,0
CL10922,Travel,18,Renewed,64255.59,17,5820,388,6.67,10616,12341,62.15,39642.8,2.12,6.45,4,29.97,234732.86,2664207.42,-9.34,0
CL10923,E-commerce,6,Pending,77418.75,8,6453,509,7.89,16233,5881,73.65,44052.72,2.38,5.73,9,47.34,279820.64,5488187.29,-15.1,1
CL10924,Travel,12,Renewed,8699.11,10,5057,685,13.55,47160,10897,71.6,7090.47,2.97,5.81,6,31.08,18363.64,386987.61,-2.53,0
CL10925,E-commerce,36,Renewed,84526.36,5,9245,1026,11.1,26002,6356,75.87,44555.63,3.15,7.47,3,41.43,331171.11,6793407.37,12.93,0
CL10926,Finance,36,Not Renewed,63854.99,12,9594,1584,16.51,37920,10480,95.0,38679.98,3.15,5.24,10,45.45,171912.72,1816096.98,33.4,1
CL10927,Technology,6,Renewed,58522.56,3,3481,412,11.84,43741,8880,81.2,48346.93,3.14,6.7,3,44.7,131622.24,2703484.09,9.59,0
CL10928,Education,36,Not Renewed,64338.33,13,5939,602,10.14,9747,6654,78.34,39943.98,2.78,7.58,6,18.93,229084.62,2681460.76,8.54,1
CL10929,Real Estate,24,Renewed,87121.16,13,2980,437,14.66,24340,12764,95.0,58534.74,3.01,6.37,8,4.7,204038.1,4611610.3,15.58,0
CL10930,E-commerce,24,Not Renewed,60758.97,5,4987,857,17.18,21558,9699,88.16,29294.01,3.23,5.52,10,9.08,177750.48,3101114.49,26.05,0
CL10931,Travel,12,Renewed,60190.29,19,645,52,8.06,35429,15611,61.13,46109.77,2.16,7.54,3,3.78,130032.12,3468392.11,-4.63,0
CL10932,Education,18,Not Renewed,99114.52,8,2027,129,6.36,19135,4946,64.65,61362.15,3.3,9.12,3,5.95,282628.22,7100142.73,6.9,0
CL10933,E-commerce,12,Not Renewed,76889.37,2,4252,512,12.04,26128,6705,74.92,59220.66,2.36,6.91,5,9.68,235638.9,5640348.18,8.93,0
CL10934,E-commerce,24,Renewed,47017.91,14,104,11,10.58,31862,10351,61.54,25931.27,2.67,7.48,5,17.03,130442.73,3054475.17,-1.44,0
CL10935,Retail,12,Not Renewed,72202.72,7,5633,1004,17.82,21453,16143,84.12,44692.87,3.12,7.28,6,26.55,144453.83,2936852.81,5.22,0
CL10936,E-commerce,6,Renewed,41976.89,7,9654,933,9.66,19628,12864,62.83,32096.35,2.62,7.42,0,34.45,122132.89,1141270.63,12.74,0
CL10937,Real Estate,12,Renewed,26743.17,13,5478,200,3.65,47856,3086,52.97,22452.26,2.9,5.81,10,10.91,77412.59,1735650.01,3.31,0
CL10938,Technology,24,Renewed,61700.93,9,6333,1118,17.65,12561,500,89.82,29237.0,2.26,7.64,2,32.61,146099.48,2669571.76,35.0,0
CL10939,Real Estate,12,Renewed,93177.3,20,2763,430,15.56,6541,19339,88.71,72210.77,3.32,6.31,8,34.1,356786.03,6539960.61,7.8,0
CL10940,Healthcare,24,Renewed,93268.25,6,9565,503,5.26,13173,10516,54.8,53188.61,2.32,7.76,5,27.26,253683.37,4144802.77,-5.03,0
CL10941,Education,36,Renewed,37481.0,19,3426,566,16.52,21559,3512,84.17,25123.41,3.27,6.19,5,43.47,138013.19,3925034.42,7.07,0
CL10942,Technology,6,Renewed,55129.36,6,3759,292,7.77,34828,16540,69.17,31205.25,2.76,7.56,4,6.22,114217.19,1540553.22,6.47,0
CL10943,Retail,24,Pending,25105.41,11,1231,103,8.37,45222,1975,70.59,17457.75,2.74,7.93,10,9.32,63855.28,955599.24,6.25,1
CL10944,Technology,12,Not Renewed,99584.96,2,4863,805,16.55,18048,4398,88.1,58906.61,2.74,6.85,2,21.15,220896.88,6447294.53,12.86,0
CL10945,Technology,24,Renewed,98206.2,11,6837,733,10.72,15578,3868,88.1,57298.01,2.92,5.33,10,6.96,265502.83,6856181.05,14.34,0
CL10946,Travel,12,Renewed,66703.35,6,5192,241,4.64,5919,5852,59.84,31028.75,3.63,6.47,4,27.62,136790.62,1136716.52,13.11,0
CL10947,Technology,24,Renewed,81419.34,13,6122,503,8.22,35990,12589,67.53,41424.87,2.91,8.91,0,19.72,224177.5,6262256.6,0.69,0
CL10948,Retail,24,Renewed,72934.52,8,3259,446,13.69,11050,1453,81.28,59575.2,3.37,7.76,2,14.38,193082.21,2507412.03,-6.22,0
CL10949,Real Estate,36,Renewed,61350.03,10,6259,325,5.19,30837,6697,62.17,52105.25,2.46,7.67,3,8.99,146092.17,3437624.12,-6.27,1
CL10950,Technology,24,Renewed,10068.06,13,7418,864,11.65,1968,14791,82.99,7673.96,2.74,6.97,4,16.76,32611.74,657700.8,3.83,1
CL10951,Finance,12,Renewed,48202.61,2,8545,1134,13.27,24809,4411,78.56,27221.22,3.22,6.59,9,29.57,185006.21,3664947.39,2.13,1
CL10952,Education,18,Not Renewed,69104.7,12,5407,423,7.82,1308,15407,55.15,42221.46,1.76,5.59,8,28.06,158089.64,3761627.44,-1.22,0
CL10953,Technology,24,Renewed,69365.5,16,8620,1143,13.26,25247,10894,80.69,51732.89,2.77,7.6,3,8.69,234539.4,2945344.0,18.11,0
CL10954,Education,18,Renewed,40446.65,3,3144,509,16.19,7219,3034,86.54,33870.24,3.0,7.68,2,6.87,140283.19,1613053.68,8.33,0
CL10955,Finance,6,Renewed,94460.74,8,9712,954,9.82,16863,16506,81.48,59716.99,3.34,5.29,9,2.25,274323.45,6128955.74,7.13,1
CL10956,Finance,36,Renewed,20898.92,13,5736,484,8.44,29218,10494,65.15,16338.96,2.79,8.5,0,1.58,79009.53,1137163.86,-5.48,0
CL10957,Education,24,Renewed,52534.15,19,2992,191,6.38,29301,17693,56.15,44130.13,2.28,5.73,9,42.35,206954.4,6090027.38,5.95,1
CL10958,E-commerce,24,Pending,70633.98,4,5388,639,11.86,43859,9040,76.5,56464.05,3.03,7.2,5,3.12,187926.29,3370131.11,15.42,0
CL10959,Healthcare,12,Renewed,71227.9,8,5912,954,16.14,38341,17288,94.21,38524.31,3.19,6.45,6,35.37,228099.15,2384807.28,25.86,0
CL10960,Travel,24,Renewed,66620.7,12,754,57,7.56,8512,8425,65.35,30193.35,3.03,5.64,9,41.98,213449.37,4928104.89,-8.01,0
CL10961,E-commerce,12,Not Renewed,31152.38,19,5581,482,8.64,18529,10729,89.93,20150.38,3.28,7.05,7,5.61,84402.48,1243713.12,3.78,0
CL10962,E-commerce,24,Not Renewed,19839.62,13,859,76,8.85,47160,5241,86.71,13144.63,3.73,7.68,0,21.51,50212.04,565835.63,25.04,0
CL10963,Real Estate,12,Pending,65414.33,7,6882,770,11.19,41517,3771,74.92,34702.31,2.77,6.37,3,46.23,248148.47,4293493.11,22.3,0
CL10964,Travel,24,Renewed,61933.7,6,1898,115,6.06,48415,7392,63.56,34922.54,3.04,5.62,10,40.2,216763.53,6332289.18,-15.06,1
CL10965,Travel,36,Pending,22038.82,2,5259,802,15.25,1267,15538,93.41,16662.7,3.31,6.51,4,24.02,46929.26,800212.99,35.0,0
CL10966,E-commerce,6,Renewed,71988.22,13,8546,605,7.08,4395,12331,66.62,45938.48,2.44,7.54,1,36.84,151988.1,2377297.98,0.29,0
CL10967,Technology,36,Renewed,48241.34,12,5362,720,13.43,43468,18582,77.15,27832.44,3.82,8.7,0,40.17,182428.26,3243428.0,9.85,0
CL10968,Real Estate,12,Renewed,68437.26,5,3923,410,10.45,40597,14611,79.1,47841.09,3.42,6.8,7,17.36,140003.68,1157346.79,-0.67,0
CL10969,Real Estate,24,Renewed,84549.87,19,1976,229,11.59,15832,11209,83.88,60123.74,3.15,5.62,5,42.93,280998.18,3070813.82,-0.98,1
CL10970,Finance,24,Renewed,21124.2,5,6254,330,5.28,15121,8544,54.3,16007.04,2.67,7.44,4,23.11,49972.08,1333896.82,-25.6,1
CL10971,Retail,18,Renewed,6818.76,18,7887,1096,13.9,11834,15705,88.0,3495.87,2.78,6.84,8,25.81,15000.0,442751.36,24.35,0
CL10972,Travel,24,Not Renewed,79014.75,3,4616,250,5.42,18674,13126,58.48,58992.96,2.13,4.96,10,47.99,158969.03,1824123.94,-5.23,1
CL10973,E-commerce,24,Not Renewed,62921.26,3,3834,163,4.25,34153,9421,53.98,43401.28,2.79,5.42,10,40.64,167171.67,3306888.34,-4.03,1
CL10974,Finance,12,Pending,71465.76,13,9536,1046,10.97,41002,19748,71.47,33805.36,2.79,7.65,1,18.0,141587.46,4142755.0,13.59,1
CL10975,Education,12,Renewed,84624.72,7,6072,819,13.49,37174,5535,82.02,64397.57,2.97,6.53,9,1.49,265991.31,3044214.76,11.15,0
CL10976,Healthcare,24,Not Renewed,81267.04,11,6739,221,3.28,37760,8593,55.19,49022.89,2.33,6.13,7,30.43,260870.65,3156224.84,6.65,0
CL10977,Retail,24,Renewed,96287.41,17,5456,195,3.57,42998,6791,61.87,56053.94,2.63,5.99,10,34.08,253218.76,7188870.41,-8.79,1
CL10978,Retail,24,Pending,55913.83,15,6480,968,14.94,2573,2863,93.34,35182.66,3.19,6.94,9,31.59,191077.21,4495115.87,16.5,0
CL10979,Retail,24,Renewed,51407.09,8,1108,167,15.07,49964,3341,87.1,30251.53,2.42,5.91,8,46.49,147857.42,1677186.21,8.25,1
CL10980,Real Estate,12,Pending,43179.28,20,4414,278,6.3,6769,3157,69.49,25273.45,3.24,6.91,0,41.56,118734.75,1977745.59,9.83,0
CL10981,Education,24,Renewed,19600.65,18,9802,1180,12.04,17694,17034,77.61,15155.83,2.89,8.32,6,22.1,53862.25,497576.17,17.74,0
CL10982,Retail,12,Not Renewed,59397.69,10,2608,244,9.36,27311,5674,80.12,29687.09,3.62,7.48,7,3.95,162171.98,2841054.23,6.96,0
CL10983,Education,18,Not Renewed,31316.19,14,4858,598,12.31,7341,5511,74.74,26250.48,2.24,8.21,2,23.37,123452.31,3100360.68,-4.33,0
CL10984,Technology,6,Renewed,92524.21,6,2782,442,15.89,44223,1687,75.54,62173.74,2.26,7.27,3,33.39,305232.56,6161847.26,17.22,1
CL10985,Retail,12,Renewed,60403.13,6,7411,277,3.74,35300,10114,48.95,31601.08,2.19,7.75,2,29.56,150568.88,3349213.01,-18.28,0
CL10986,Healthcare,12,Not Renewed,61319.82,11,1089,159,14.6,10199,6020,92.59,30812.36,3.6,6.63,6,26.29,206447.11,3135940.46,16.09,1
CL10987,Education,12,Renewed,38717.84,11,8546,867,10.15,46005,11788,77.44,26583.82,2.49,6.96,8,23.03,99319.49,1147210.65,0.12,0
CL10988,Education,24,Not Renewed,9938.99,8,4811,541,11.25,11262,4509,85.11,6989.1,2.65,7.73,2,14.81,21267.46,176276.76,16.38,0
CL10989,Healthcare,12,Renewed,8015.66,16,6579,831,12.63,40397,5883,72.91,3777.06,2.95,7.62,5,14.04,22572.57,588441.43,-0.62,1
CL10990,Retail,12,Renewed,45216.84,8,7064,1187,16.8,42056,812,95.0,24742.69,3.2,7.18,7,24.51,154368.04,3397084.88,26.61,0
CL10991,Healthcare,12,Renewed,13033.71,16,8175,276,3.38,2647,5506,57.06,10012.3,2.66,8.17,5,8.55,34997.23,456541.22,-10.04,0
CL10992,Education,12,Renewed,62650.46,4,4552,135,2.97,33883,12141,41.5,29436.31,2.02,8.72,1,17.01,228218.6,3926625.88,-12.15,0
CL10993,Healthcare,12,Pending,88692.44,20,8547,450,5.27,34215,2533,80.55,70247.56,3.12,6.51,6,16.23,240410.57,6162144.09,3.49,0
CL10994,Education,6,Renewed,88876.91,11,1107,197,17.8,38945,3401,84.18,63392.79,3.55,8.73,1,28.6,232233.43,4610159.66,23.24,0
CL10995,Education,18,Renewed,67609.31,16,6596,896,13.58,41134,16754,81.76,42172.61,2.59,8.84,1,4.13,267209.2,3902194.17,7.73,0
CL10996,Technology,24,Renewed,25067.02,4,7788,937,12.03,2513,11686,75.03,14753.77,3.28,7.75,1,39.99,71700.06,995057.69,7.74,0
CL10997,E-commerce,18,Renewed,86984.7,7,4008,129,3.22,20581,17563,58.61,39812.86,1.91,6.15,10,27.43,304915.25,3899106.36,-13.98,0
CL10998,Education,12,Not Renewed,89178.88,13,2903,468,16.12,17374,5422,84.31,69567.19,3.29,7.9,0,32.53,319750.55,8352542.21,13.39,1
CL10999,Retail,12,Not Renewed,23682.09,16,4479,676,15.09,38255,14032,95.0,12008.92,3.81,5.49,10,34.05,89332.34,1858195.55,11.79,1
CL11000,Finance,24,Renewed,75055.48,7,198,25,12.63,9233,5357,84.3,43068.1,2.89,8.23,0,14.7,151742.2,3581337.11,13.16,0
